code4,name,last_close_yen
8918,ランド,10.0
4564,オンコセラピー・サイエンス,20.0
6740,ジャパンディスプレイ,25.0
5856,エルアイイーエイチ,27.0
9973,ＫＯＺＯホールディングス,29.0
7691,Ｃ　Ｃｈａｎｎｅｌ,30.0
2370,メディネット,30.0
4597,ソレイジア・ファーマ,32.0
8107,キムラタン,32.0
8836,ＲＩＳＥ,32.0
3664,モブキャストホールディングス,34.0
9399,ビート・ホールディングス・リミテッド,35.0
6731,ピクセラ,41.0
2134,北浜キャピタルパートナーズ,43.0
5103,昭和ホールディングス,45.0
3672,オルトプラス,47.0
6659,メディアリンクス,48.0
9222,ｍａｎａｂｙ,50.0
9978,文教堂グループホールディングス,51.0
9704,アゴーラ　ホスピタリティー　グループ,54.0
3840,パス,54.0
8894,ＲＥＶＯＬＵＴＩＯＮ,55.0
4883,モダリス,58.0
6786,ＲＶＨ,61.0
2388,ウェッジホールディングス,62.0
4563,アンジェス,63.0
3667,ｅｎｉｓｈ,63.0
1783,ｆａｎｔａｓｉｓｔａ,64.0
7527,システムソフト,66.0
3237,イントランス,66.0
4594,ブライトパス・バイオ,69.0
3777,環境フレンドリーホールディングス,70.0
6573,ＣＲＡＶＩＡ,72.0
3823,ＴＨＥ　ＷＨＹ　ＨＯＷ　ＤＯ　ＣＯＭＰＡＮＹ,72.0
3113,ＵＮＩＶＡ・Ｏａｋホールディングス,73.0
2694,焼肉坂井ホールディングス,73.0
1773,ワイ・ティー・エル・コーポレーション・バーハッド,80.0
4833,Ｄｅｆ　ｃｏｎｓｕｌｔｉｎｇ,80.0
3624,アクセルマーク,81.0
8946,ＡＳＩＡＮ　ＳＴＡＲ,84.0
4591,リボミック,86.0
8166,タカキュー,88.0
4582,シンバイオ製薬,88.0
7836,アビックス,89.0
3266,ファンドクリエーショングループ,90.0
7831,ウイルコホールディングス,92.0
2926,篠崎屋,94.0
9980,ＭＲＫホールディングス,95.0
3070,ジェリービーンズグループ,95.0
2315,ＣＡＩＣＡ　ＤＩＧＩＴＡＬ,97.0
4772,ＳＭ　ＥＮＴＥＲＴＡＩＮＭＥＮＴ　ＪＡＰＡＮ,98.0
1472,ＮＥＸＴ　ＦＵＮＤＳ　ＪＰＸ日経４００ダブルインバース・インデックス連動型上場投信,98.0
3358,Ｔｒａｉｌｈｅａｄ　Ｇｌｏｂａｌ　Ｈｏｌｄｉｎｇｓ,98.0
2762,ＳＡＮＫＯ　ＭＡＲＫＥＴＩＮＧ　ＦＯＯＤＳ,100.0
4881,ファンペップ,101.0
7692,アースインフィニティ,102.0
4576,デ・ウエスタン・セラピテクス研究所,102.0
7693,北海道歯科産業,105.0
1360,日経平均ベア２倍上場投信,107.0999984741211
3071,ストリーム,108.0
1366,ｉＦｒｅｅＥＴＦ　日経平均ダブルインバース・インデックス,109.0
7918,ヴィア・ホールディングス,109.0
7992,セーラー万年筆,112.0
9423,フォーバル・リアルストレート,112.0
7897,ホクシン,113.0
4586,メドレックス,115.0
6634,ネクスグループ,118.0
4583,カイオム・バイオサイエンス,118.0
3323,レカム,120.0
7571,ヤマノホールディングス,120.0
6775,ＴＢグループ,121.0
6181,タメニー,121.0
4829,日本エンタープライズ,122.0
3807,フィスコ,122.0
6721,ウインテスト,123.0
3686,ディー・エル・イー,123.0
7578,ニチリョク,124.0
6803,ティアック,125.0
3315,日本コークス工業,125.0
6054,リブセンス,125.0
4615,神東塗料,126.0
7063,Ｂｉｒｄｍａｎ,126.0
6574,コンヴァノ,127.0
1356,ＴＯＰＩＸベア２倍上場投信,131.8000030517578
3202,ダイトウボウ,132.0
6177,ＡｐｐＢａｎｋ,132.0
6494,ＮＦＫホールディングス,132.0
2764,ひらまつ,132.0
2656,ベクターホールディングス,133.0
7238,曙ブレーキ工業,133.0
3940,ノムラシステムコーポレーション,133.0
2776,新都ホールディングス,133.0
3536,アクサスホールディングス,134.0
2484,出前館,136.0
5955,ワイズホールディングス,137.0
3409,北紡,138.0
3647,ジー・スリーホールディングス,142.0
4891,ティムス,143.0
4571,ＮＡＮＯホールディングス,143.0
2930,北の達人コーポレーション,143.0
6444,サンデン,144.0
3936,グローバルウェイ,144.0
7624,ＮａＩＴＯ,144.0
2193,クックパッド,145.0
5721,エス・サイエンス,147.0
2586,フルッタフルッタ,147.0
7610,テイツー,147.0
8202,ラオックスホールディングス,148.0
6695,キャストリコ,150.0
9424,日本通信,150.0
4344,ソースネクスト,150.0
6993,大黒屋ホールディングス,151.0
2778,パレモ・ホールディングス,151.0
7356,Ｒｅｔｔｙ,152.0
9432,ＮＴＴ,153.8000030517578
3011,バナーズ,154.0
5131,リンカーズ,155.0
4893,ノイルイミューン・バイオテック,156.0
8729,ソニーフィナンシャルグループ,156.39999389648438
8912,エリアクエスト,159.0
4376,くふうカンパニーホールディングス,160.0
2440,ぐるなび,161.0
3753,フライトソリューションズ,162.0
9760,進学会ホールディングス,162.0
8789,フィンテック　グローバル,162.0
3681,ブイキューブ,163.0
2196,エスクリ,163.0
7256,河西工業,163.0
4426,パスロジ,163.0
4978,リプロセル,164.0
2330,フォーサイド,166.0
7615,京都きもの友禅ホールディングス,167.0
6552,ＧａｍｅＷｉｔｈ,168.0
1435,ｒｏｂｏｔ　ｈｏｍｅ,169.0
6029,アトラグループ,169.0
5255,モンスターラボ,170.0
7183,あんしん保証,170.0
3598,山喜,170.0
2721,ジェイホールディングス,170.0
2338,クオンタムソリューションズ,171.0
6548,旅工房,171.0
1432,動力,174.0
3053,ペッパーフードサービス,175.0
1459,楽天ＥＴＦ‐日経ダブルインバース指数連動型,175.0
6619,ダブル・スコープ,176.0
7603,ジーイエット,178.0
3069,ＪＦＬＡホールディングス,179.0
7709,クボテック,179.0
6173,アクアライン,180.0
3521,テルマー湯ホールディングス,180.0
3779,ジェイ・エスコムホールディングス,180.0
2120,ＬＩＦＵＬＬ,180.0
7601,ポプラ,181.0
2666,オートウェーブ,182.0
7048,ベルトラ,183.0
3010,ポラリス・ホールディングス,188.0
2259,ｉシェアーズ　フランス国債７－１０年　ＥＴＦ（為替ヘッジあり）,189.8000030517578
2341,アルバイトタイムス,190.0
2321,ソフトフロントホールディングス,192.0
5950,日本パワーファスニング,192.0
1368,ｉＦｒｅｅＥＴＦ　ＴＯＰＩＸダブルインバース（－２倍）指数,192.0
7524,マルシェ,194.0
7810,クロスフォー,194.0
2852,ｉシェアーズ　グリーンＪリート　ＥＴＦ,195.1999969482422
6093,エスクロー・エージェント・ジャパン,198.0
6926,岡谷電機産業,199.0
4814,ネクストウェア,200.0
4170,Ｋａｉｚｅｎ　Ｐｌａｔｆｏｒｍ,201.0
8518,日本アジア投資,201.0
5010,日本精蝋,203.0
3727,アプリックス,205.0
4558,中京医薬品,206.0
5952,アマテイ,207.0
8165,千趣会,208.0
2255,ｉシェアーズ　米国債２０年超　ＥＴＦ,208.10000610351562
7859,アルメディオ,209.0
7919,野崎印刷紙業,209.0
4714,リソー教育グループ,210.0
6343,フリージア・マクロス,210.0
7640,トップカルチャー,210.0
6046,リンクバル,210.0
5341,ＡＳＡＨＩ　ＥＩＴＯホールディングス,212.0
9434,ソフトバンク,212.1999969482422
7162,アストマックス,214.0
2146,ＵＴグループ,215.0
2345,クシム,216.0
2435,シダー,216.0
7035,ａｎｄ　ｆａｃｔｏｒｙ,217.0
3985,テモナ,220.0
2673,夢みつけ隊,221.0
4777,ガーラ,221.0
8705,日産証券グループ,221.0
2256,ｉシェアーズ　米国総合債券　ＥＴＦ,221.39999389648438
5986,モリテック　スチール,222.0
3185,夢展望,223.0
8077,トルク,223.0
2257,ｉシェアーズ　米ドル建て投資適格社債　ＥＴＦ,223.89999389648438
4598,Ｄｅｌｔａ－Ｆｌｙ　Ｐｈａｒｍａ,224.0
3137,ファンデリー,224.0
2258,ｉシェアーズ　米ドル建てハイイールド社債　ＥＴＦ,224.60000610351562
3911,Ａｉｍｉｎｇ,225.0
4596,窪田製薬ホールディングス,225.0
3776,ブロードバンドタワー,225.0
7074,トゥエンティーフォーセブンホールディングス,225.0
5216,倉元製作所,225.0
9439,エム・エイチ・グループ,226.0
2375,ギグワークス,226.0
9327,イー・ロジット,226.0
4651,サニックスホールディングス,226.0
5581,カイテクノロジー,226.0
3372,関門海,226.0
8143,ラピーヌ,227.0
7135,ジャパンクラフトホールディングス,227.0
3550,スタジオアタオ,230.0
8105,Ｂｉｔｃｏｉｎ　Ｊａｐａｎ,232.0
2012,ｉシェアーズ　米国債０－３ヶ月　ＥＴＦ,232.0
1840,土屋ホールディングス,233.0
6662,ユビテック,234.0
2693,ＹＫＴ,235.0
3121,マーチャント・バンカーズ,235.0
6572,オープングループ,236.0
4406,新日本理化,236.0
5244,ｊｉｇ．ｊｐ,237.0
7795,ＫＹＯＲＩＴＳＵ,237.0
1469,ＪＰＸ日経４００ベア２倍上場投信（ダブルインバース）,237.89999389648438
4427,ＥｄｕＬａｂ,238.0
4882,ペルセウスプロテオミクス,238.0
7707,プレシジョン・システム・サイエンス,238.0
8944,ランドビジネス,239.0
5240,ｍｏｎｏＡＩ　ｔｅｃｈｎｏｌｏｇｙ,239.0
8783,ａｂｃ,240.0
2459,アウンコンサルティング,240.0
3845,アイフリークモバイル,241.0
6195,ホープ,241.0
6495,宮入バルブ製作所,242.0
9466,アイドママーケティングコミュニケーション,243.0
2479,ジェイテック,244.0
9854,愛眼,244.0
8798,アドバンスクリエイト,245.0
1466,ｉＦｒｅｅＥＴＦ　ＪＰＸ日経４００ダブルインバース・インデックス,246.0
3111,オーミケンシ,247.0
9876,コックス,247.0
6072,地盤ネットホールディングス,248.0
6198,キャリア,248.0
3680,ホットリンク,250.0
7822,永大産業,250.0
4017,クリーマ,250.0
7494,コナカ,250.0
6049,イトクロ,253.0
9557,エアークローゼット,256.0
9969,ショクブン,259.0
3189,ＡＮＡＰホールディングス,259.0
3627,テクミラホールディングス,259.0
3187,ミラタップ,260.0
4584,キッズウェル・バイオ,260.0
2385,総医研ホールディングス,261.0
3825,リミックスポイント,261.0
7908,きもと,263.0
2471,エスプール,263.0
7602,レダックス,264.0
4169,ＥＮＥＣＨＡＮＧＥ,264.0
3909,ショーケース,265.0
1711,ＳＤＳホールディングス,267.0
3639,ボルテージ,268.0
9610,ウィルソン・ラーニング　ワールドワイド,268.0
6776,天昇電気工業,268.0
7851,カワセコンピュータサプライ,269.0
3996,サインポスト,274.0
4766,ピーエイ,275.0
4875,メディシノバ・インク,276.0
9972,アルテック,277.0
2181,パーソルホールディングス,277.5
4890,坪田ラボ,281.0
7779,ＣＹＢＥＲＤＹＮＥ,283.0
9419,ワイヤレスゲート,283.0
6276,シリウスビジョン,283.0
5928,アルメタックス,283.0
3054,ハイパー,284.0
4720,城南進学研究社,284.0
7803,ブシロード,284.0
4438,Ｗｅｌｂｙ,285.0
2013,ｉシェアーズ　米国高配当株　ＥＴＦ,285.3999938964844
2353,日本駐車場開発,286.0
2489,アドウェイズ,286.0
9812,テーオーホールディングス,286.0
3719,ＡＩストーム,287.0
4424,Ａｍａｚｉａ,288.0
3758,アエリア,289.0
3423,エスイー,291.0
8207,テンアライド,291.0
4599,ステムリム,292.0
9563,Ａｔｌａｓ　Ｔｅｃｈｎｏｌｏｇｉｅｓ,292.0
4052,フィーチャ,293.0
3192,白鳩,293.0
2014,ｉシェアーズ　米国連続増配株　ＥＴＦ,293.3999938964844
2686,ジーフット,294.0
3910,エムケイシステム,294.0
8013,ナイガイ,295.0
3929,ソーシャルワイヤー,297.0
4574,大幸薬品,298.0
4650,ＳＤエンターテイメント,298.0
6837,京写,299.0
4484,ランサーズ,299.0
9162,ブリーチ,300.0
7170,中央インターナショナルグループ,300.0
3657,ポールトゥウィンホールディングス,300.0
5866,ＷｉｚＢｉｚ,300.0
8410,セブン銀行,300.8999938964844
4260,ハイブリッドテクノロジーズ,301.0
3810,サイバーステップホールディングス,301.0
5031,モイ,303.0
3645,メディカルネット,304.0
7776,セルシード,304.0
3926,オープンドア,305.0
3928,マイネット,306.0
4176,ココナラ,306.0
4935,リベルタ,306.0
4265,Ｉｎｓｔｉｔｕｔｉｏｎ　ｆｏｒ　ａ　Ｇｌｏｂａｌ　Ｓｏｃｉｅｔｙ,306.0
1325,ＮＥＸＴ　ＦＵＮＤＳ　ブラジル株式指数・ボベスパ連動型上場投信,306.1000061035156
6031,ＺＥＴＡ,307.0
8209,フレンドリー,308.0
5618,ナイル,309.0
4487,スペースマーケット,310.0
4167,ココペリ,310.0
9160,ノバレーゼ,310.0
4572,カルナバイオサイエンス,312.0
7445,ライトオン,313.0
1656,ｉシェアーズ・コア　米国債７－１０年　ＥＴＦ,313.20001220703125
2156,セーラー広告,315.0
2667,イメージ　ワン,315.0
4735,京進,317.0
2183,リニカル,317.0
2342,トランスジェニックグループ,318.0
7354,ダイレクトマーケティングミックス,318.0
7719,東京衡機,318.0
9816,ストライダーズ,319.0
4678,秀英予備校,321.0
4477,ＢＡＳＥ,323.0
1873,日本ハウスホールディングス,325.0
7041,ＣＲＧホールディングス,325.0
6400,不二精機,326.0
4512,わかもと製薬,326.0
5133,テリロジーホールディングス,327.0
3998,すららネット,328.0
6579,ログリー,330.0
2351,ＡＳＪ,330.0
7138,ＴＯＲＩＣＯ,330.0
6664,オプトエレクトロニクス,332.0
6096,レアジョブ,333.0
4192,スパイダープラス,335.0
6147,ヤマザキ,336.0
8230,はせがわ,336.0
3674,オークファン,337.0
3671,ソフトマックス,339.0
3656,ＫＬａｂ,339.0
3159,丸善ＣＨＩホールディングス,339.0
9229,サンウェルズ,339.0
6538,ディスラプターズ,340.0
2464,Ａｏｂａ‐ＢＢＴ,340.0
1443,技研ホールディングス,341.0
4392,ＦＩＧ,341.0
6663,太洋テクノレックス,341.0
6696,トラース・オン・プロダクト,342.0
2652,まんだらけ,342.0
2250,ｉシェアーズ　ＭＳＣＩ　ジャパン気候変動アクション　ＥＴＦ,342.3999938964844
4179,ジーネクスト,343.0
2894,石井食品,344.0
4888,ステラファーマ,344.0
2990,アイダ設計,344.0
5137,スマートドライブ,345.0
7359,東京通信グループ,345.0
4448,ｋｕｂｅｌｌ,345.0
1853,森組,346.0
6428,オーイズミ,346.0
6464,ツバキ・ナカシマ,346.0
2788,アップルインターナショナル,346.0
3903,ｇｕｍｉ,346.0
9258,ＣＳ－Ｃ,350.0
1678,ＮＥＸＴ　ＦＵＮＤＳ　インド株式指数・Ｎｉｆｔｙ　５０　連動型上場投信,350.5
3607,クラウディアホールディングス,352.0
5536,京橋アートレジデンス,352.0
7367,セルム,352.0
4707,キタック,352.0
6615,ユー・エム・シー・エレクトロニクス,354.0
9514,エフオン,355.0
9268,オプティマスグループ,356.0
9930,北沢産業,356.0
3350,メタプラネット,358.0
2936,ベースフード,359.0
8938,グローム・ホールディングス,360.0
6467,ニチダイ,360.0
2851,ｉシェアーズ　ＭＳＣＩ　ジャパンＳＲＩ　ＥＴＦ,360.79998779296875
2499,日本和装ホールディングス,362.0
1571,ＮＥＸＴ　ＦＵＮＤＳ　日経平均インバース・インデックス連動型上場投信,362.0
2620,ｉシェアーズ　米国債１－３年　ＥＴＦ,362.70001220703125
2195,アミタホールディングス,363.0
7837,アールシーコア,364.0
5269,日本コンクリート工業,365.0
2055,日和産業,367.0
7883,サンメッセ,367.0
6835,アライドテレシスホールディングス,369.0
4308,Ｊストリーム,369.0
4679,田谷,372.0
2563,ｉシェアーズ　Ｓ＆Ｐ　５００　米国株　ＥＴＦ（為替ヘッジあり）,373.8999938964844
4370,モビルス,376.0
2164,地域新聞社,377.0
7815,東京ボード工業,377.0
3042,セキュアヴェイル,377.0
4093,東邦アセチレン,378.0
9535,広島ガス,378.0
4845,スカラ,379.0
7277,ＴＢＫ,379.0
9204,スカイマーク,380.0
9885,シャルレ,381.0
6081,アライドアーキテクツ,382.0
4767,テー・オー・ダブリュー,382.0
4884,クリングルファーマ,382.0
4593,ヘリオス,383.0
3494,マリオン,385.0
4918,アイビー化粧品,385.0
6537,ＷＡＳＨハウス,385.0
2722,ＩＫホールディングス,388.0
2438,アスカネット,388.0
3976,シャノン,388.0
4936,アクシージア,388.0
8254,さいか屋,390.0
7372,デコルテ・ホールディングス,390.0
3632,グリーホールディングス,390.0
5028,セカンドサイトアナリティカ,391.0
7215,ファルテック,392.0
3858,ユビキタスＡＩ,393.0
3236,プロパスト,394.0
9212,Ｇｒｅｅｎ　Ｅａｒｔｈ　Ｉｎｓｔｉｔｕｔｅ,394.0
9417,スマートバリュー,394.0
1475,ｉシェアーズ・コア　ＴＯＰＩＸ　ＥＴＦ,395.3999938964844
7953,菊水化学工業,396.0
9425,ＲｅＹｕｕ　Ｊａｐａｎ,396.0
6186,一蔵,396.0
3908,コラボス,399.0
7590,タカショー,399.0
8247,大和,400.0
6522,アスタリスク,400.0
6347,プラコー,400.0
3377,バイク王＆カンパニー,400.0
6059,ウチヤマホールディングス,400.0
4366,ダイトーケミックス,400.0
6325,タカキタ,401.0
5129,ＦＩＸＥＲ,401.0
2654,アスモ,401.0
6633,ＣＧＳホールディングス,402.0
9904,ベリテ,402.0
8562,福島銀行,402.0
3415,ＴＯＫＹＯ　ＢＡＳＥ,402.0
5074,テスホールディングス,402.0
5658,日亜鋼業,402.0
2454,オールアバウト,402.0
4334,ユークス,403.0
2901,ウェルディッシュ,406.0
5386,鶴弥,406.0
4057,インターファクトリー,406.0
5563,新日本電工,408.0
3665,エニグモ,409.0
7201,日産自動車,409.1000061035156
6955,ＦＤＫ,410.0
6233,ＫＬＡＳＳ,410.0
8887,シーラホールディングス,411.0
2452,コンピュータマインド,412.0
3979,うるる,414.0
7538,大水,415.0
2492,インフォマート,415.0
3133,海帆,415.0
8897,ＭＩＲＡＲＴＨホールディングス,416.0
2334,イオレ,416.0
7078,ＩＮＣＬＵＳＩＶＥ　Ｈｏｌｄｉｎｇｓ,416.0
7585,かんなん丸,417.0
6555,ＭＳ＆Ｃｏｎｓｕｌｔｉｎｇ,417.0
6472,ＮＴＮ,417.8999938964844
2931,ユーグレナ,418.0
4293,セプテーニ・ホールディングス,418.0
9380,東海運,418.0
3793,ドリコム,418.0
7022,サノヤスホールディングス,419.0
7865,ピープル,419.0
4880,セルソース,419.0
3238,セントラル総合開発,420.0
7625,グローバルダイニング,420.0
7217,テイン,420.0
4689,ＬＩＮＥヤフー,420.20001220703125
4056,ニューラルグループ,421.0
4422,ＶＡＬＵＥＮＥＸ,422.0
4379,Ｐｈｏｔｏｓｙｎｔｈ,422.0
6625,ＪＡＬＣＯホールディングス,423.0
3646,駅探,424.0
5884,クラダシ,424.0
7247,ミクニ,424.0
6334,明治機械,425.0
6897,ツインバード,426.0
1699,ＮＥＸＴ　ＦＵＮＤＳ　ＮＯＭＵＲＡ　原油インデックス連動型上場投信,426.6000061035156
4442,バルテス・ホールディングス,427.0
7066,ピアズ,429.0
5886,ＯＯＫＡＢＥ　ＧＬＡＳＳ,430.0
2323,ｆｏｎｆｕｎ,431.0
3895,ハビックス,432.0
5704,ＪＭＣ,433.0
1786,オリエンタル白石,433.0
2373,ケア２１,434.0
5535,ミガロホールディングス,436.0
9444,トーシンホールディングス,436.0
7686,ひとまいる,439.0
7702,ＪＭＳ,442.0
5035,ＨＯＵＳＥＩ,442.0
4240,クラスターテクノロジー,444.0
2337,いちご,444.0
3679,じげん,444.0
6185,ＳＭＮ,445.0
3835,ｅＢＡＳＥ,445.0
3668,コロプラ,445.0
8927,明豊エンタープライズ,446.0
5130,ヒロホールディングス,447.0
4388,エーアイ,448.0
3422,Ｊ－ＭＡＸ,448.0
3986,ビーブレイクシステムズ,449.0
4645,市進ホールディングス,450.0
2978,ツクルバ,450.0
3067,東京一番フーズ,452.0
2162,ｎｍｓ　ホールディングス,453.0
2317,システナ,455.0
7291,日本プラスト,456.0
4014,カラダノート,457.0
7211,三菱自動車工業,457.79998779296875
4237,フジプレアム,459.0
4053,Ｓｕｎ　Ａｓｔｅｒｉｓｋ,459.0
9478,ＳＥホールディングス・アンド・インキュベーションズ,460.0
6171,土木管理総合試験所,462.0
5282,ジオスター,462.0
8289,Ｏｌｙｍｐｉｃグループ,462.0
3726,フォーシーズＨＤ,464.0
7176,シンプレクス・ファイナンシャル・ホールディングス,464.0
2876,デルソーレ,465.0
7422,東邦レマック,465.0
2139,中広,465.0
7213,レシップホールディングス,465.0
1447,ＳＡＡＦホールディングス,466.0
9561,グラッドキューブ,466.0
9929,平和紙業,466.0
4657,環境管理センター,466.0
3077,ホリイフードサービス,467.0
4287,ジャストプランニング,469.0
7205,日野自動車,469.0
6867,リーダー電子,469.0
4397,チームスピリット,470.0
5258,トランザクション・メディア・ネットワークス,470.0
4436,ミンカブ・ジ・インフォノイド,470.0
3660,アイスタイル,471.0
7689,コパ・コーポレーション,471.0
3370,フジタコーポレーション,472.0
2491,バリューコマース,474.0
3997,トレードワークス,476.0
2411,ゲンダイエージェンシー,477.0
2533,オエノンホールディングス,477.0
6190,フェニックスバイオ,478.0
6578,コレックホールディングス,478.0
3041,ビューティカダンホールディングス,478.0
6155,高松機械工業,479.0
3802,エコミック,480.0
9326,関通,480.0
7775,大研医器,480.0
2999,ホームポジション,481.0
4492,ゼネテック,482.0
8508,Ｊトラスト,482.0
2461,ファンコミュニケーションズ,482.0
2445,タカミヤ,482.0
4531,有機合成薬品工業,483.0
7687,ミクリード,484.0
6819,伊豆シャボテンリゾート,485.0
8095,アステナホールディングス,486.0
6168,ＯＮＥ　ＧＲＯＵＰ,486.0
4840,トライアイズ,487.0
8742,小林洋行,487.0
3134,Ｈａｍｅｅ,488.0
3628,データホライゾン,489.0
2340,極楽湯ホールディングス,489.0
5967,ＴＯＮＥ,489.0
7442,中山福,489.0
6904,原田工業,489.0
2789,カルラ,490.0
6666,リバーエレテック,490.0
9363,大運,490.0
4228,積水化成品工業,492.0
7782,シンシア,493.0
7383,ネットプロテクションズホールディングス,495.0
2982,ＡＤワークスグループ,496.0
7600,日本エム・ディ・エム,497.0
4447,ピー・ビーシステムズ,499.0
2633,ＮＥＸＴ　ＦＵＮＤＳ　Ｓ＆Ｐ　５００　指数（為替ヘッジなし）連動型上場投信,499.5
4378,ＣＩＮＣ,500.0
9243,富士テクノホールディングス,500.0
9240,デリバリーコンサルティング,500.0
5594,エム・デー・ビー,500.0
9239,ケーイーティ,500.0
2404,鉄人化ホールディングス,502.0
3559,ピーバンドットコム,502.0
6040,日本スキー場開発,503.0
3359,ｃｏｔｔａ,503.0
7567,栄電子,503.0
3694,オプティム,505.0
8746,ｕｎｂａｎｋｅｄ,506.0
3987,エコモット,506.0
7777,スリー・ディー・マトリックス,506.0
8260,井筒屋,507.0
3204,トーア紡コーポレーション,510.0
4015,ペイクラウドホールディングス,510.0
5893,ＲＡＶＩＰＡ,510.0
3815,メディア工房,511.0
7071,アンビスホールディングス,512.0
9475,昭文社ホールディングス,512.0
4826,ＣＩＪ,515.0
7868,広済堂ホールディングス,515.0
3896,阿波製紙,515.0
7461,キムラ,515.0
8572,アコム,515.7999877929688
3796,いい生活,516.0
1688,ＷｉｓｄｏｍＴｒｅｅ　穀物上場投資信託,516.0
3261,グランディーズ,517.0
2687,シー・ヴイ・エス・ベイエリア,517.0
4990,昭和化学工業,518.0
5134,ＰＯＰＥＲ,519.0
2796,ファーマライズホールディングス,519.0
9835,ジュンテンドー,520.0
6335,東京機械製作所,522.0
7060,ギークス,522.0
7844,マーベラス,522.0
2300,きょくとう,523.0
4284,ソルクシーズ,523.0
4350,メディカルシステムネットワーク,524.0
2170,リンクアンドモチベーション,525.0
6535,アイモバイル,527.0
2567,ＮＺＡＭ　上場投信　Ｓ＆Ｐ／ＪＰＸカーボン・エフィシェント指数,528.2000122070312
3826,システムインテグレータ,529.0
1726,ビーアールホールディングス,529.0
7351,グッドパッチ,529.0
2497,ユナイテッド,529.0
8291,日産東京販売ホールディングス,531.0
3744,サイオス,531.0
2485,ティア,532.0
3904,カヤック,532.0
7034,プロレド・パートナーズ,533.0
5248,テクノロジーズ,534.0
6635,大日光・エンジニアリング,534.0
9168,ライズ・コンサルティング・グループ,536.0
6165,パンチ工業,536.0
3968,セグエグループ,539.0
7896,セブン工業,539.0
3461,パルマ,541.0
8135,ゼット,541.0
3988,ＳＹＳホールディングス,545.0
7044,ピアラ,547.0
7743,シード,547.0
6840,ＡＫＩＢＡホールディングス,548.0
9223,ＡＳＮＯＶＡ,548.0
9878,セキド,549.0
6218,エンシュウ,549.0
1994,高橋カーテンウォール工業,550.0
3939,カナミックネットワーク,550.0
3798,ＵＬＳグループ,552.0
9788,ナック,553.0
7244,市光工業,553.0
6888,アクモス,553.0
4059,まぐまぐ,554.0
3992,ニーズウェル,554.0
6074,ジェイエスエス,555.0
6182,メタリアル,555.0
8515,アイフル,556.0
4198,テンダ,556.0
7161,じもとホールディングス,556.0
9831,ヤマダホールディングス,556.5999755859375
4381,ビープラッツ,557.0
2437,Ｓｈｉｎｗａ　Ｗｉｓｅ　Ｈｏｌｄｉｎｇｓ,558.0
6094,フリークアウト・ホールディングス,558.0
7544,スリーエフ,560.0
9149,大友ロジスティクスサービス,560.0
8226,理経,561.0
7593,ＶＴホールディングス,562.0
8617,光世証券,563.0
1685,ＷｉｓｄｏｍＴｒｅｅ　エネルギー上場投資信託,563.5999755859375
4073,ジィ・シィ企画,565.0
7111,ＩＮＥＳＴ,565.0
4490,ビザスク,567.0
2112,塩水港精糖,568.0
4420,イーソル,568.0
3195,ジェネレーションパス,568.0
4005,住友化学,569.5999755859375
5973,トーアミ,570.0
5942,日本フイルコン,570.0
6047,Ｇｕｎｏｓｙ,571.0
9445,フォーバルテレコム,571.0
6217,津田駒工業,571.0
3242,アーバネットコーポレーション,572.0
3190,ホットマン,572.0
3690,イルグルム,574.0
7369,メイホーホールディングス,574.0
6184,鎌倉新書,575.0
3974,ＳＣＡＴ,576.0
2516,東証グロース２５０ＥＴＦ,577.0
7455,パリミキホールディングス,577.0
3160,大光,578.0
3958,笹徳印刷,578.0
1850,南海辰村建設,579.0
3474,Ｇ－ＦＡＣＴＯＲＹ,580.0
6440,ＪＵＫＩ,580.0
3232,三重交通グループホールディングス,585.0
1446,キャンディル,586.0
3856,Ａｂａｌａｎｃｅ,591.0
3963,シンクロ・フード,591.0
7774,ジャパン・ティッシュエンジニアリング,594.0
3241,ウィル,596.0
7462,ＣＡＰＩＴＡ,597.0
3710,ジョルダン,598.0
7093,アディッシュ,599.0
8127,ヤマトインターナショナル,600.0
2649,ｉシェアーズ　米国政府系機関ジニーメイＭＢＳ　ＥＴＦ（為替ヘッジあり）,602.5999755859375
1579,日経平均ブル２倍上場投信,602.5999755859375
7031,インバウンドテック,603.0
1418,インターライフホールディングス,603.0
4178,Ｓｈａｒｉｎｇ　Ｉｎｎｏｖａｔｉｏｎｓ,604.0
7038,フロンティア・マネジメント,605.0
2418,ツカダ・グローバルホールディング,605.0
9656,グリーンランドリゾート,606.0
4750,ダイサン,607.0
7987,ナカバヤシ,609.0
8104,クワザワホールディングス,610.0
6778,アルチザネットワークス,611.0
7928,旭化学工業,611.0
5202,日本板硝子,611.0
5363,東京窯業,614.0
9341,ＧＥＮＯＶＡ,615.0
3174,ハピネス・アンド・ディ,615.0
3622,ネットイヤーグループ,617.0
6699,ダイヤモンドエレクトリックホールディングス,618.0
1844,大盛工業,618.0
6962,大真空,618.0
3768,リスクモンスター,619.0
7939,研創,619.0
2736,フェスタリアホールディングス,619.0
6958,日本シイエムケイ,620.0
7399,ナンシン,622.0
3917,アイリッジ,622.0
3839,ＯＤＫソリューションズ,624.0
4736,日本ラッド,624.0
3673,ブロードリーフ,624.0
7352,ＴＷＯＳＴＯＮＥ＆Ｓｏｎｓ,624.0
4054,日本情報クリエイト,625.0
4902,コニカミノルタ,625.0
2138,クルーズ,626.0
7412,アトム,626.0
6092,エンバイオ・ホールディングス,627.0
8769,アドバンテッジリスクマネジメント,627.0
4765,ＳＢＩグローバルアセットマネジメント,627.0
2291,福留ハム,628.0
1692,ＷｉｓｄｏｍＴｒｅｅ　アルミニウム上場投資信託,629.0
5408,中山製鋼所,629.0
3169,ミサワ,630.0
9723,京都ホテル,630.0
9421,エヌジェイホールディングス,630.0
6613,ＱＤレーザ,631.0
6982,リード,631.0
2424,ブラス,633.0
2215,第一屋製パン,634.0
9501,東京電力ホールディングス,635.4000244140625
6563,みらいワークス,636.0
2853,ｉシェアーズ　気候リスク調整世界国債　ＥＴＦ（除く日本・為替ヘッジあり）,636.2000122070312
8622,水戸証券,637.0
9235,売れるネット広告社グループ,637.0
6612,バルミューダ,639.0
2857,ｉシェアーズ　ドイツ国債　ＥＴＦ（為替ヘッジあり）,642.5
2329,東北新社,643.0
7192,日本モーゲージサービス,643.0
3439,三ツ知,644.0
4241,アテクト,645.0
9564,ＦＣＥ,646.0
6034,ＭＲＴ,646.0
3675,クロス・マーケティンググループ,647.0
7872,エステールホールディングス,647.0
9348,ｉｓｐａｃｅ,649.0
6240,ヤマシンフィルタ,649.0
6768,タムラ製作所,649.0
7098,エージェント,650.0
8999,グランディハウス,650.0
5355,日本坩堝,653.0
9517,イーレックス,653.0
7150,島根銀行,653.0
2242,ＭＡＸＩＳ　ＮＹダウ上場投信（為替ヘッジあり）,653.0999755859375
6656,インスペック,654.0
7694,いつも,654.0
6694,ズーム,656.0
7068,フィードフォースグループ,657.0
1431,Ｌｉｂ　Ｗｏｒｋ,658.0
9033,広島電鉄,658.0
4728,トーセ,658.0
5575,Ｇｌｏｂｅｅ,660.0
8737,あかつき本社,660.0
2114,フジ日本,661.0
3161,アゼアス,662.0
5956,トーソー,662.0
3031,ラクーンホールディングス,662.0
3625,テックファームホールディングス,662.0
4174,アピリッツ,662.0
9827,リリカラ,664.0
3035,ケイティケイ,664.0
6166,中村超硬,669.0
9685,ＫＹＣＯＭホールディングス,669.0
3760,ケイブ,669.0
4019,スタメン,669.0
3967,エルテス,669.0
3246,コーセーアールイー,669.0
4387,ＺＵＵ,670.0
1615,ＮＥＸＴ　ＦＵＮＤＳ　東証銀行業株価指数連動型上場投信,670.0
3123,サイボー,671.0
6194,アトラエ,671.0
2929,ファーマフーズ,673.0
4416,Ｔｒｕｅ　Ｄａｔａ,673.0
2856,ｉシェアーズ　米国債３－７年　ＥＴＦ（為替ヘッジあり）,673.9000244140625
5027,ＡｎｙＭｉｎｄ　Ｇｒｏｕｐ,674.0
6228,ジェイ・イー・ティ,674.0
4813,ＡＣＣＥＳＳ,675.0
2735,ワッツ,675.0
4437,ｇｏｏｄｄａｙｓホールディングス,675.0
3933,チエル,676.0
7551,ウェッズ,677.0
4892,サイフューズ,677.0
2428,ウェルネット,677.0
4486,ユナイトアンドグロウ,678.0
4288,アズジェント,678.0
5194,相模ゴム工業,678.0
7847,グラファイトデザイン,679.0
7443,横浜魚類,680.0
4548,生化学工業,680.0
4552,ＪＣＲファーマ,681.0
2991,ランドネット,683.0
7255,桜井製作所,683.0
5337,ダントーホールディングス,684.0
5820,三ッ星,684.0
2481,タウンニュース社,684.0
5401,日本製鉄,684.7000122070312
7112,キューブ,686.0
8338,筑波銀行,686.0
6964,サンコー,687.0
7879,ノダ,687.0
6210,ＴＯＹＯイノベックス,687.0
4245,ダイキアクシス,688.0
9385,ショーエイコーポレーション,688.0
7805,プリントネット,689.0
5932,三協立山,689.0
7353,ＫＩＹＯラーニング,689.0
6771,池上通信機,690.0
3787,テクノマセマティカル,691.0
6551,ツナググループ・ホールディングス,691.0
7833,アイフィスジャパン,692.0
9345,ビズメイツ,692.0
7371,Ｚｅｎｋｅｎ,693.0
9446,サカイホールディングス,693.0
9332,ＮＩＳＳＯホールディングス,693.0
6545,インターネットインフィニティー,694.0
9166,ＧＥＮＤＡ,694.0
3697,ＳＨＩＦＴ,694.0999755859375
1887,日本国土開発,695.0
1914,日本基礎技術,695.0
6088,シグマクシス・ホールディングス,695.0
5246,ＥＬＥＭＥＮＴＳ,695.0
4290,プレステージ・インターナショナル,698.0
6630,ヤーマン,698.0
3058,三洋堂ホールディングス,699.0
3682,エンカレッジ・テクノロジ,700.0
7364,琉球アスティーダスポーツクラブ,700.0
7127,一家ホールディングス,701.0
9343,アイビス,701.0
6090,ヒューマン・メタボローム・テクノロジーズ,702.0
4896,ケイファーマ,702.0
3864,三菱製紙,704.0
3747,インタートレード,705.0
5367,ニッカトー,705.0
1319,ＮＥＸＴ　ＦＵＮＤＳ　日経３００株価指数連動型上場投信,705.0999755859375
6527,ワカ製作所,706.0
3306,日本製麻,707.0
5570,ジェノバ,708.0
9450,ファイバーゲート,708.0
3907,シリコンスタジオ,709.0
7196,Ｃａｓａ,709.0
5247,ＢＴＭ,710.0
6200,インソース,711.0
3834,朝日ネット,712.0
6099,エラン,712.0
5162,朝日ラバー,713.0
1848,富士ピー・エス,717.0
4996,クミアイ化学工業,717.0
8848,レオパレス２１,717.0
5025,マーキュリー,719.0
5135,ＡＩＲ－Ｕ,719.0
7042,アクセスグループ・ホールディングス,720.0
4317,レイ,720.0
9941,太洋物産,722.0
2749,ＪＰホールディングス,723.0
9438,エムティーアイ,723.0
4934,プレミアアンチエイジング,724.0
1724,シンクレイヤ,725.0
5033,ヌーラボ,725.0
2127,日本Ｍ＆Ａセンターホールディングス,725.2000122070312
8698,マネックスグループ,726.0
2245,ＮＥＸＴ　ＦＵＮＤＳ　ブルームバーグ・ドイツ国債（７－１０年）インデックス（為替ヘッジあり）連動型上場投信,727.0
4668,明光ネットワークジャパン,727.0
8285,三谷産業,727.0
8346,東邦銀行,727.0
3143,オーウイル,728.0
2094,東証ＲＥＩＴインバースＥＴＦ,728.0
1420,サンヨーホームズ,728.0
6176,ブランジスタ,729.0
4712,ＫｅｙＨｏｌｄｅｒ,730.0
9115,明海グループ,730.0
7922,三光産業,731.0
9927,ワットマン,732.0
2246,ＮＥＸＴ　ＦＵＮＤＳ　ブルームバーグ・フランス国債（７－１０年）インデックス（為替ヘッジあり）連動型上場投信,732.4000244140625
2408,ＫＧ情報,733.0
4482,ウィルズ,735.0
5527,ｐｒｏｐｅｒｔｙ　ｔｅｃｈｎｏｌｏｇｉｅｓ,736.0
2916,仙波糖化工業,736.0
6742,京三製作所,737.0
4165,プレイド,737.0
7273,イクヨ,738.0
2962,テクニスコ,738.0
6071,ＩＢＪ,739.0
9644,タナベコンサルティンググループ,739.0
9519,レノバ,740.0
5252,日本ナレッジ,741.0
2877,日東ベスト,742.0
2376,サイネックス,743.0
9340,アソインターナショナル,743.0
3083,スターシーズ,745.0
7555,大田花き,746.0
4409,東邦化学工業,746.0
3566,ユニフォームネクスト,748.0
3935,エディア,749.0
7727,オーバル,749.0
2904,一正蒲鉾,750.0
4820,イーエムシステムズ,750.0
6191,エアトリ,753.0
2512,ＮＥＸＴ　ＦＵＮＤＳ　外国債券・ＦＴＳＥ世界国債インデックス（除く日本・為替ヘッジあり）連動型上場投信,753.7000122070312
6986,双葉電子工業,754.0
3803,イメージ情報開発,755.0
7486,サンリン,756.0
2286,林兼産業,756.0
4494,バリオセキュア,757.0
7814,日本創発グループ,757.0
2085,ＭＡＸＩＳ高配当日本株アクティブ上場投信,757.2000122070312
5997,協立エアテック,759.0
3387,クリエイト・レストランツ・ホールディングス,760.0
6336,石井表記,762.0
6853,共和電業,762.0
7539,アイナボホールディングス,763.0
3961,シルバーエッグ・テクノロジー,763.0
5125,ファインズ,763.0
8614,東洋証券,764.0
5957,日東精工,764.0
7416,はるやまホールディングス,764.0
6255,エヌ・ピー・シー,765.0
3541,農業総合研究所,766.0
6493,ＮＩＴＴＡＮ,767.0
9553,マイクロアド,767.0
6307,サンセイ,769.0
2984,ヤマイチエステート,770.0
4020,ビートレンド,770.0
7085,カーブスホールディングス,771.0
5381,マイポックス,771.0
6753,シャープ,771.7000122070312
6658,シライ電子工業,772.0
8616,東海東京フィナンシャル・ホールディングス,773.0
8016,オンワードホールディングス,774.0
7771,日本精密,775.0
4166,かっこ,776.0
1655,ｉシェアーズ　Ｓ＆Ｐ　５００　米国株　ＥＴＦ,777.5
9565,ＧＬＯＥ,778.0
7813,プラッツ,778.0
3878,巴川コーポレーション,779.0
2554,ＮＥＸＴ　ＦＵＮＤＳ　ブルームバーグ米国投資適格社債（１－１０年）インデックス（為替ヘッジあり）連動型上場投信,779.0999755859375
6262,ＰＥＧＡＳＵＳ,780.0
3326,ランシステム,780.0
7699,オムニ・プラス・システム・リミテッド　ＪＤＲ,780.0
9253,スローガン,780.0
6189,グローバルキッズＣＯＭＰＡＮＹ,780.0
4074,ラキール,781.0
9331,キャスター,782.0
4496,コマースＯｎｅホールディングス,782.0
7971,東リ,785.0
7561,ハークスレイ,785.0
4235,ウルトラファブリックス・ホールディングス,786.0
9213,セイファート,786.0
4625,アトミクス,786.0
5542,新報国マテリアル,786.0
3293,アズマハウス,787.0
6425,ユニバーサルエンターテインメント,789.0
4346,ＮＥＸＹＺ．Ｇｒｏｕｐ,791.0
6838,多摩川ホールディングス,793.0
5026,トリプルアイズ,794.0
2425,ケアサービス,795.0
9257,ＹＣＰホールディングス（グローバル）リミテッド　ＪＤＲ,795.0
9218,メンタルヘルステクノロジーズ,798.0
4784,ＧＭＯインターネット,799.0
4394,エクスモーション,799.0
4428,シノプス,800.0
3548,バロックジャパンリミテッド,802.0
7080,スポーツフィールド,802.0
3900,クラウドワークス,802.0
4929,アジュバンホールディングス,803.0
5138,Ｒｅｂａｓｅ,803.0
5742,エヌアイシ・オートテック,804.0
6558,クックビズ,804.0
7075,ＱＬＳホールディングス,805.0
2198,アイ・ケイ・ケイホールディングス,805.0
3571,ソトー,805.0
2179,成学社,806.0
7360,オンデック,806.0
3965,キャピタル・アセット・プランニング,807.0
2354,ＹＥ　ＤＩＧＩＴＡＬ,807.0
7980,重松製作所,809.0
5697,サンユウ,810.0
9330,揚羽,811.0
1514,住石ホールディングス,812.0
1569,ＴＯＰＩＸベア上場投信,812.9000244140625
8881,日神グループホールディングス,813.0
8203,ＭｒＭａｘＨＤ,813.0
3653,モルフォ,813.0
9262,シルバーライフ,813.0
7375,リファインバースグループ,813.0
3851,日本一ソフトウェア,814.0
7695,交換できるくん,815.0
4331,テイクアンドギヴ・ニーズ,815.0
7819,粧美堂,816.0
6966,三井ハイテック,816.0
4974,タカラバイオ,817.0
7962,キングジム,817.0
9256,サクシード,818.0
3661,エムアップホールディングス,818.0
6292,カワタ,818.0
9990,サックスバー　ホールディングス,819.0
4419,Ｆｉｎａｔｅｘｔホールディングス,819.0
7636,ハンズマン,820.0
6858,小野測器,820.0
8860,フジ住宅,821.0
2011,ＳＭＤＡＭ　Ａｃｔｉｖｅ　ＥＴＦ　日本高配当株式,821.5
6769,ザインエレクトロニクス,822.0
6482,ＹＵＳＨＩＮ,822.0
7885,タカノ,822.0
3953,大村紙業,824.0
5974,中国工業,825.0
7370,Ｅｎｊｉｎ,826.0
7362,Ｔ．Ｓ．Ｉ,827.0
7062,フレアス,828.0
4382,ＨＥＲＯＺ,828.0
4341,西菱電機,828.0
6969,松尾電機,828.0
2510,ＮＥＸＴ　ＦＵＮＤＳ　国内債券・ＮＯＭＵＲＡ－ＢＰＩ総合連動型上場投信,829.7000122070312
3059,ヒラキ,831.0
2311,エプコ,831.0
2970,ＧＬＣ　ＧＲＯＵＰ,832.0
1822,大豊建設,832.0
6757,ＯＳＧコーポレーション,832.0
9560,プログリット,834.0
4838,スペースシャワーＳＫＩＹＡＫＩホールディングス,834.0
7823,アートネイチャー,836.0
2039,ＮＥＸＴ　ＮＯＴＥＳ　ドバイ原油先物　ベア　ＥＴＮ,836.0
4168,ヤプリ,837.0
3154,メディアスホールディングス,838.0
7083,ＡＨＣグループ,839.0
3080,ジェーソン,839.0
7254,ユニバンス,840.0
7820,ニホンフラッシュ,840.0
4351,山田再生系債権回収総合事務所,842.0
3063,ジェイグループホールディングス,842.0
7212,エフテック,844.0
3489,フェイスネットワーク,845.0
9888,ＵＥＸ,845.0
4234,サンエー化研,846.0
3224,ゼネラル・オイスター,847.0
9405,朝日放送グループホールディングス,848.0
5984,兼房,849.0
7604,梅の花グループ,849.0
7096,ステムセル研究所,849.0
6848,東亜ディーケーケー,850.0
5534,エンゼルグループ,850.0
7886,ヤマト　モビリティ　＆　Ｍｆｇ．,851.0
4075,ブレインズテクノロジー,852.0
5609,日本鋳造,852.0
6091,ウエスコホールディングス,852.0
7807,幸和製作所,854.0
6994,指月電機製作所,855.0
9959,アシードホールディングス,856.0
3923,ラクス,856.2000122070312
2251,ＮＥＸＴ　ＦＵＮＤＳ　ＪＰＸ国債先物ダブルインバース指数連動型上場投信,856.7000122070312
9273,コーア商事ホールディングス,858.0
3634,ソケッツ,860.0
7347,マーキュリアホールディングス,862.0
3361,トーエル,865.0
6085,アーキテクツ・スタジオ・ジャパン,865.0
6620,宮越ホールディングス,867.0
6743,大同信号,868.0
3544,サツドラホールディングス,868.0
3396,フェリシモ,868.0
7800,アミファ,868.0
3750,ＡＤＲ１２０Ｓ,869.0
8119,三栄コーポレーション,869.0
5900,ダイケン,870.0
2158,ＦＲＯＮＴＥＯ,870.0
8841,テーオーシー,872.0
5852,アーレスティ,872.0
2241,ＭＡＸＩＳ　ＮＹダウ上場投信,872.9000244140625
9534,北海道瓦斯,873.0
8904,ＡＶＡＮＴＩＡ,873.0
4373,シンプレクス・ホールディングス,874.0
7325,アイリックコーポレーション,875.0
4246,ダイキョーニシカワ,876.0
6306,日工,877.0
7791,ドリームベッド,878.0
3248,アールエイジ,878.0
4318,クイック,878.0
7850,総合商研,878.0
5587,インバウンドプラットフォーム,879.0
8018,三共生興,880.0
4248,竹本容器,880.0
4705,クリップコーポレーション,880.0
6035,アイ・アールジャパンホールディングス,880.0
5616,雨風太陽,881.0
9903,カンセキ,881.0
7114,フーディソン,881.0
7514,ヒマラヤ,882.0
6727,ワコム,883.0
4375,セーフィー,884.0
4389,プロパティデータバンク,885.0
1429,日本アクア,886.0
5590,ネットスターズ,886.0
3181,買取王国,886.0
3444,菊池製作所,888.0
4565,ネクセラファーマ,888.0
4575,キャンバス,889.0
8217,オークワ,891.0
3580,小松マテーレ,892.0
2927,ＡＦＣ－ＨＤアムスライフサイエンス,892.0
7177,ＧＭＯフィナンシャルホールディングス,894.0
9872,北恵,897.0
9476,中央経済社ホールディングス,897.0
3951,朝日印刷,897.0
4243,ニックス,898.0
7037,テノ．ホールディングス,899.0
9145,ビーイングホールディングス,899.0
6584,三櫻工業,900.0
2917,大森屋,902.0
4259,エクサウィザーズ,903.0
7069,サイバー・バズ,904.0
3173,Ｃｏｍｉｎｉｘ,904.0
3512,日本フエルト,905.0
6470,大豊工業,905.0
5029,サークレイス,905.0
4800,オリコン,907.0
1568,ＴＯＰＩＸブル２倍上場投信,907.0999755859375
4960,ケミプロ化成,908.0
9366,サンリツ,910.0
4620,藤倉化成,910.0
6561,ＨＡＮＡＴＯＵＲ　ＪＡＰＡＮ,910.0
6293,日精樹脂工業,911.0
6836,ぷらっとホーム,912.0
3477,フォーライフ,912.0
6748,星和電機,913.0
5906,エムケー精工,913.0
2795,日本プリメックス,913.0
7036,イーエムネットジャパン,914.0
9344,アクシスコンサルティング,914.0
9368,キムラユニティー,914.0
1687,ＷｉｓｄｏｍＴｒｅｅ　農産物上場投資信託,915.0999755859375
5951,ダイニチ工業,916.0
5619,マーソ,916.0
2186,ソーバル,918.0
5698,エンビプロ・ホールディングス,919.0
9259,タカヨシホールディングス,920.0
5586,Ｌａｂｏｒｏ．ＡＩ,920.0
7619,田中商事,920.0
8007,高島,921.0
3676,デジタルハーツホールディングス,922.0
8835,太平洋興発,922.0
7246,プレス工業,922.0
7049,識学,922.0
7082,ジモティー,923.0
6157,日進工具,923.0
8908,毎日コムネット,923.0
4444,インフォネット,924.0
3416,ピクスタ,924.0
7871,フクビ化学工業,925.0
7297,カーメイト,925.0
2997,ストレージ王,925.0
7140,ペットゴー,926.0
1689,ＷｉｓｄｏｍＴｒｅｅ　天然ガス上場投資信託,926.0
3649,ファインデックス,926.0
9376,ユーラシア旅行社,928.0
6356,日本ギア工業,929.0
9274,ＫＰＰグループホールディングス,929.0
3392,デリカフーズホールディングス,929.0
7427,エコートレーディング,929.0
8714,池田泉州ホールディングス,930.0
7630,壱番屋,930.0
9059,カンダホールディングス,931.0
7955,クリナップ,931.0
8920,東祥,932.0
4222,児玉化学工業,932.0
2998,クリアル,933.0
3970,イノベーション,933.0
8772,アサックス,933.0
2180,サニーサイドアップグループ,934.0
7120,ＳＨＩＮＫＯ,934.0
9215,ＣａＳｙ,934.0
8600,トモニホールディングス,934.0
9713,ロイヤルホテル,936.0
7512,イオン北海道,938.0
3082,きちりホールディングス,938.0
3930,はてな,938.0
5588,ファーストアカウンティング,938.0
7198,ＳＢＩアルヒ,938.0
7345,アイ・パートナーズフィナンシャル,939.0
7266,今仙電機製作所,942.0
3271,ＴＨＥグローバル社,942.0
4360,マナック・ケミカル・パートナーズ,944.0
9158,シーユーシー,944.0
8628,松井証券,946.0
9067,丸運,947.0
4016,ＭＩＴホールディングス,947.0
3955,イムラ,948.0
9237,笑美面,949.0
6977,日本抵抗器製作所,951.0
3469,デュアルタップ,952.0
5936,東洋シヤッター,953.0
9219,ギックス,953.0
7043,アルー,955.0
9853,銀座ルノアール,955.0
3861,王子ホールディングス,955.2000122070312
8113,ユニ・チャーム,955.7999877929688
7997,くろがね工作所,956.0
3920,アイビーシー,958.0
2436,共同ピーアール,959.0
7090,リグア,959.0
1580,日経平均ベア上場投信,959.5999755859375
5015,ビーピー・カストロール,960.0
9271,和心,960.0
9414,日本ＢＳ放送,960.0
7984,コクヨ,961.5999755859375
6038,イード,962.0
4421,ディ・アイ・システム,962.0
9090,ＡＺ－ＣＯＭ丸和ホールディングス,965.0
3286,トラストホールディングス,965.0
7214,ＧＭＢ,965.0
7522,ワタミ,966.0
6424,高見沢サイバネティックス,966.0
2884,ヨシムラ・フード・ホールディングス,967.0
7463,アドヴァングループ,968.0
3865,北越コーポレーション,970.0
2769,ヴィレッジヴァンガードコーポレーション,970.0
9997,ベルーナ,971.0
2344,平安レイサービス,972.0
4429,リックソフト,972.0
4386,ＳＩＧグループ,972.0
8609,岡三証券グループ,974.0
7532,パン・パシフィック・インターナショナルホールディングス,975.2999877929688
9846,天満屋ストア,977.0
8103,明和産業,977.0
2565,グローバルＸ　ロジスティクス・Ｊ－ＲＥＩＴ　ＥＴＦ,978.0
3222,ユナイテッド・スーパーマーケット・ホールディングス,978.0
9780,ハリマビステム,978.0
5909,コロナ,979.0
9244,デジタリフト,980.0
4433,ヒト・コミュニケーションズ・ホールディングス,980.0
7381,ＣＣＩグループ,983.0
8070,東京産業,986.0
6222,島精機製作所,990.0
7863,平賀,990.0
3927,フーバーブレイン,990.0
6140,旭ダイヤモンド工業,990.0
4847,インテリジェント　ウェイブ,992.0
3623,ビリングシステム,992.0
7681,レオクラン,992.0
4755,楽天グループ,992.4000244140625
4031,片倉コープアグリ,993.0
8118,キング,994.0
9236,ジャパンＭ＆Ａソリューション,995.0
5491,日本金属,995.0
3175,エー・ピーホールディングス,996.0
6063,日本エマージェンシーアシスタンス,996.0
6197,ソラスト,997.0
6327,北川精機,997.0
6596,筑波精工,1000.0
3440,日創グループ,1000.0
9169,大伸社,1000.0
2304,ＣＳＳホールディングス,1000.0
3577,東海染工,1000.0
3924,ランドコンピュータ,1000.0
3557,ユナイテッド＆コレクティブ,1001.0
2683,魚喜,1002.0
7435,ナ・デックス,1005.0
4180,Ａｐｐｉｅｒ　Ｇｒｏｕｐ,1007.0
2493,イーサポートリンク,1008.0
2866,グローバルＸ　米国優先証券　ＥＴＦ,1008.0
3848,データ・アプリケーション,1008.0
6488,ヨシタケ,1009.0
5464,モリ工業,1010.0
4475,ＨＥＮＮＧＥ,1010.0
6193,バーチャレクス・ホールディングス,1010.0
5840,日本総険,1010.0
5959,岡部,1010.0
4013,勤次郎,1010.0
3937,Ｕｂｉｃｏｍホールディングス,1010.0
3223,エスエルディー,1011.0
2124,ジェイエイシーリクルートメント,1012.0
7040,サン・ライフホールディング,1013.0
9850,グルメ杵屋,1014.0
4410,ハリマ化成グループ,1014.0
9504,中国電力,1014.0
6882,三社電機製作所,1014.0
8524,北洋銀行,1015.0
7722,国際計測器,1016.0
5268,旭コンクリート工業,1016.0
2173,博展,1018.0
7740,タムロン,1021.0
4263,サスメド,1022.0
4664,アール・エス・シー,1022.0
9307,杉村倉庫,1022.0
6562,ジーニー,1024.0
9474,ゼンリン,1024.0
6158,和井田製作所,1025.0
3842,ネクストジェン,1025.0
9505,北陸電力,1026.0
3140,ＢＲＵＮＯ,1026.0
6279,瑞光,1026.0
1380,秋川牧園,1026.0
4579,ラクオリア創薬,1027.0
5940,不二サッシ,1027.0
5845,全保連,1028.0
7134,アップガレージグループ,1029.0
6069,トレンダーズ,1030.0
7726,黒田精工,1031.0
4345,シーティーエス,1032.0
2597,ユニカフェ,1035.0
7067,ブランディングテクノロジー,1035.0
8550,栃木銀行,1035.0
3168,ＭＥＲＦ,1037.0
3880,大王製紙,1037.0
4997,日本農薬,1038.0
3962,チェンジホールディングス,1038.0
9313,丸八倉庫,1038.0
3030,ハブ,1039.0
3447,信和,1039.0
2994,アンサーホールディングス,1040.0
2019,グローバルＸ　米国優先証券　ＥＴＦ（隔月分配型）,1041.0
8864,空港施設,1043.0
6257,藤商事,1044.0
6082,ライドオンエクスプレスホールディングス,1045.0
3267,フィル・カンパニー,1045.0
7888,三光合成,1046.0
4811,ドリーム・アーツ,1046.0
3138,富士山マガジンサービス,1046.0
2307,クロスキャット,1046.0
7874,レック,1048.0
5870,ナルネットコミュニケーションズ,1049.0
5985,サンコール,1049.0
7898,ウッドワン,1049.0
3538,ウイルプラスホールディングス,1050.0
7065,ユーピーアール,1051.0
7222,日産車体,1051.0
5250,プライム・ストラテジー,1052.0
8704,トレイダーズホールディングス,1053.0
4769,ＩＣ,1054.0
4612,日本ペイントホールディングス,1054.0
1430,ファーストコーポレーション,1055.0
6539,ＭＳ－Ｊａｐａｎ,1058.0
6037,楽待,1058.0
4680,ラウンドワン,1059.0
4316,ビーマップ,1060.0
6614,シキノハイテック,1060.0
8040,東京ソワール,1060.0
6238,フリュー,1061.0
7878,光・彩,1062.0
9976,セキチュー,1063.0
3662,エイチームホールディングス,1064.0
3641,パピレス,1065.0
2752,フジオフードグループ本社,1069.0
6161,エスティック,1069.0
8715,アニコム　ホールディングス,1070.0
6480,日本トムソン,1070.0
3698,ＣＲＩ・ミドルウェア,1071.0
2009,鳥越製粉,1071.0
4479,マクアケ,1072.0
3103,ユニチカ,1072.0
7061,日本ホスピスホールディングス,1074.0
5868,ロココ,1074.0
4439,東名,1075.0
2621,ｉシェアーズ　米国債２０年超　ＥＴＦ（為替ヘッジあり）,1078.0
9470,学研ホールディングス,1079.0
7059,コプロ・ホールディングス,1080.0
5578,ＡＲアドバンストテクノロジ,1081.0
8996,ハウスフリーダム,1082.0
3772,ウェルス・マネジメント,1082.0
1717,明豊ファシリティワークス,1085.0
3529,アツギ,1085.0
7272,ヤマハ発動機,1087.5
9509,北海道電力,1089.5
7077,ＡＬｉＮＫインターネット,1090.0
9552,クオンツ総研ホールディングス,1091.0
9225,ブリッジコンサルティンググループ,1092.0
7317,松屋アールアンドディ,1092.0
5237,ノザワ,1092.0
1375,ユキグニファクトリー,1093.0
8141,新光商事,1093.0
2855,グローバルＸ　グリーン・Ｊ－ＲＥＩＴ　ＥＴＦ,1093.0
4060,ｒａｋｕｍｏ,1093.0
3418,バルニバービ,1094.0
7419,ノジマ,1094.0
9914,植松商会,1094.0
6138,ダイジェット工業,1094.0
4644,イマジニア,1095.0
6513,オリジン,1095.0
2868,グローバルＸ　Ｓ＆Ｐ５００・カバード・コール　ＥＴＦ,1096.0
3457,Ａｎｄ　Ｄｏホールディングス,1096.0
8181,東天紅,1098.0
4391,ロジザード,1099.0
7294,ヨロズ,1099.0
6654,不二電機工業,1101.0
8613,丸三証券,1102.0
7004,カナデビア,1103.0
3231,野村不動産ホールディングス,1103.5
3245,ディア・ライフ,1106.0
8032,日本紙パルプ商事,1107.0
2449,プラップジャパン,1108.0
2097,グローバルＸ　レジデンシャル・Ｊ－ＲＥＩＴ　ＥＴＦ,1108.0
2335,キューブシステム,1109.0
8281,ゼビオホールディングス,1110.0
7072,インティメート・マージャー,1110.0
9625,セレスポ,1110.0
2378,ルネサンス,1112.0
7241,フタバ産業,1114.0
4418,ＪＤＳＣ,1114.0
8023,ＤＡＩＫＯ　ＸＴＥＣＨ,1115.0
3991,ウォンテッドリー,1116.0
2938,オカムラ食品工業,1117.0
3608,ＴＳＩホールディングス,1118.0
5218,オハラ,1118.0
5301,東海カーボン,1119.0
5965,フジマック,1119.0
1491,中外鉱業,1119.0
9325,ファイズホールディングス,1119.0
9757,船井総研ホールディングス,1121.0
4687,ＴＤＣソフト,1121.0
2933,紀文食品,1122.0
6629,テクノホライゾン,1122.0
6523,ＰＨＣホールディングス,1123.0
6779,日本電波工業,1125.0
3816,大和コンピューター,1126.0
8185,チヨダ,1127.0
6298,ワイエイシイホールディングス,1127.0
5242,アイズ,1130.0
7318,セレンディップ・ホールディングス,1130.0
9342,スマサポ,1133.0
8563,大東銀行,1133.0
8275,フォーバル,1133.0
8914,エリアリンク,1134.0
8898,センチュリー２１・ジャパン,1134.0
2566,上場インデックスファンド日経ＥＳＧリート,1134.0
4885,室町ケミカル,1134.0
7208,カネミツ,1135.0
7983,ミロク,1135.0
4188,三菱ケミカルグループ,1135.5
6554,エスユーエス,1136.0
3109,シキボウ,1136.0
5368,日本インシュレーション,1136.0
8945,サンネクスタグループ,1137.0
5933,アルインコ,1138.0
3546,アレンザホールディングス,1142.0
4231,タイガースポリマー,1143.0
7902,ソノコム,1147.0
4286,ＣＬホールディングス,1149.0
5187,クリエートメディック,1150.0
7245,大同メタル工業,1150.0
3280,エストラスト,1151.0
5458,高砂鐵工,1152.0
3172,ティーライフ,1152.0
5259,ＢＢＤイニシアティブ,1152.0
3773,アドバンスト・メディア,1152.0
3553,共和レザー,1152.0
2098,グローバルＸ　ホテル＆リテール・Ｊ－ＲＥＩＴ　ＥＴＦ,1153.0
3863,日本製紙,1153.0
2037,ＮＥＸＴ　ＮＯＴＥＳ　金先物　ベア　ＥＴＮ,1154.0
7057,エヌ・シー・エヌ,1154.0
2734,サーラコーポレーション,1155.0
8585,オリエントコーポレーション,1156.0
9130,共栄タンカー,1158.0
6533,Ｏｒｃｈｅｓｔｒａ　Ｈｏｌｄｉｎｇｓ,1160.0
3450,サトウ産業,1160.0
9254,ラバブルマーケティンググループ,1161.0
3989,シェアリングテクノロジー,1161.0
3912,モバイルファクトリー,1163.0
7314,小田原機器,1165.0
2433,博報堂ＤＹホールディングス,1165.0
2331,ＡＬＳＯＫ,1165.5
7116,ダイワ通信,1167.0
4113,田岡化学工業,1168.0
7875,竹田ｉＰホールディングス,1168.0
6418,日本金銭機械,1168.0
7554,幸楽苑,1168.0
9246,プロジェクトホールディングス,1168.0
4441,トビラシステムズ,1168.0
2157,コシダカホールディングス,1170.0
4097,高圧ガス工業,1170.0
3092,ＺＯＺＯ,1170.0
7129,ミアヘルサホールディングス,1170.0
4998,フマキラー,1171.0
2096,グローバルＸ　オフィス・Ｊ－ＲＥＩＴ　ＥＴＦ,1172.0
6905,コーセル,1172.0
6339,新東工業,1172.0
6232,ＡＣＳＬ,1172.0
9511,沖縄電力,1173.0
9682,ＤＴＳ,1173.0
3791,ＩＧポート,1175.0
9979,大庄,1175.0
8158,ソーダニッカ,1176.0
4333,東邦システムサイエンス,1176.0
7191,イントラスト,1179.0
7218,田中精密工業,1181.0
2095,グローバルＸ　Ｓ＆Ｐ５００配当貴族　ＥＴＦ（為替ヘッジあり）,1181.0
9250,ＧＲＣＳ,1182.0
5584,Ｓｔｒａｗｂｅｒｒｙ　ｊａｍｓ,1182.0
9220,エフビー介護サービス,1183.0
2018,グローバルＸ　ＵＳ　ＲＥＩＴ・トップ２０　ＥＴＦ,1183.0
6143,ソディック,1184.0
7923,トーイン,1185.0
2511,ＮＥＸＴ　ＦＵＮＤＳ　外国債券・ＦＴＳＥ世界国債インデックス（除く日本・為替ヘッジなし）連動型上場投信,1185.0
8892,エスコン,1185.0
2519,ＮＥＸＴ　ＦＵＮＤＳ　新興国債券・Ｊ．Ｐ．モルガン・エマージング・マーケット・ボンド・インデックス・プラス（為替ヘッジなし）連動型上場投信,1187.0
6546,フルテック,1187.0
7133,ＨＹＵＧＡ　ＰＲＩＭＡＲＹ　ＣＡＲＥ,1189.0
4932,アルマード,1190.0
7893,プロネクサス,1190.0
3551,ダイニック,1192.0
5903,シンポ,1192.0
9506,東北電力,1195.5
3167,ＴＯＫＡＩホールディングス,1196.0
6167,冨士ダイス,1197.0
5139,オープンワーク,1198.0
4446,Ｌｉｎｋ－Ｕグループ,1198.0
2254,グローバルＸ　チャイナＥＶ＆バッテリー　ＥＴＦ,1198.0
5622,ワンビ,1200.0
9226,アイガー,1200.0
7137,グラントマト,1200.0
9765,オオバ,1200.0
7860,エイベックス,1202.0
8558,東和銀行,1203.0
9799,旭情報サービス,1203.0
4371,コアコンセプト・テクノロジー,1205.0
7284,盟和産業,1206.0
9539,京葉瓦斯,1206.0
3556,リネットジャパングループ,1207.0
9036,東部ネットワーク,1207.0
2865,グローバルＸ　ＮＡＳＤＡＱ１００・カバード・コール　ＥＴＦ,1208.0
2374,セントケア・ホールディング,1210.0
2517,ＭＡＸＩＳ　Ｊリート・コア上場投信,1210.0
3841,ジーダット,1210.0
4395,アクリート,1210.0
9993,ヤマザワ,1210.0
5531,中山不動産,1210.0
3916,デジタル・インフォメーション・テクノロジー,1211.0
7670,オーウエル,1212.0
7628,オーハシテクニカ,1213.0
5356,美濃窯業,1213.0
4920,日本色材工業研究所,1215.0
8844,コスモスイニシア,1216.0
2130,メンバーズ,1217.0
4098,チタン工業,1217.0
2266,六甲バター,1219.0
6086,シンメンテホールディングス,1219.0
1852,淺沼組,1220.0
2527,ＮＺＡＭ　上場投信　東証ＲＥＩＴ　Ｃｏｒｅ指数,1220.0
8869,明和地所,1220.0
2528,ｉＦｒｅｅＥＴＦ　東証ＲＥＩＴ　Ｃｏｒｅ指数,1221.0
1433,ベステラ,1221.0
9251,ＡＢ＆Ｃｏｍｐａｎｙ,1222.0
3454,ファーストブラザーズ,1222.0
7951,ヤマハ,1223.0
2082,投資家経営者一心同体ＥＴＦ,1223.0
3205,ダイドーリミテッド,1223.0
8917,ファースト住建,1223.0
4335,ＩＰＳホールディングス,1225.0
6927,ヘリオス　テクノ　ホールディング,1226.0
3799,キーウェアソリューションズ,1228.0
6817,スミダコーポレーション,1228.0
9339,コーチ・エィ,1230.0
6570,共和コーポレーション,1232.0
3079,ディーブイエックス,1233.0
7064,ハウテレビジョン,1234.0
9698,クレオ,1236.0
9227,マイクロ波化学,1238.0
4761,さくらケーシーエス,1241.0
6518,三相電機,1241.0
7355,一寸房,1244.0
3024,クリエイト,1244.0
2122,インタースペース,1244.0
5969,ロブテックス,1245.0
5591,ＡＶＩＬＥＮ,1247.0
5869,早稲田学習研究会,1247.0
3402,東レ,1248.0
4449,ギフティ,1248.0
2060,フィード・ワン,1250.0
9895,コンセック,1251.0
6039,日本動物高度医療センター,1252.0
3441,山王,1252.0
5249,あさかわシステムズ,1253.0
2391,プラネット,1253.0
6730,アクセル,1254.0
3297,東武住販,1254.0
3648,ＡＧＳ,1254.0
4274,細谷火工,1255.0
3981,ビーグリー,1256.0
7271,安永,1257.0
5817,ＪＭＡＣＳ,1258.0
9238,バリュークリエーション,1258.0
4498,サイバートラスト,1259.0
9233,アジア航測,1261.0
1826,佐田建設,1262.0
6089,ウィルグループ,1263.0
7818,トランザクション,1263.0
5446,北越メタル,1263.0
7091,リビングプラットフォーム,1263.0
9890,マキヤ,1264.0
6568,神戸天然物化学,1265.0
7940,ウェーブロックホールディングス,1265.0
6845,アズビル,1266.0
8416,高知銀行,1267.0
2763,エフティグループ,1268.0
7089,フォースタートアップス,1269.0
2253,グローバルＸ　スーパーディビィデンド－ＵＳ　ＥＴＦ,1270.0
8163,ＳＲＳホールディングス,1272.0
6471,日本精工,1272.5
3089,テクノアルファ,1274.0
5525,フロンティアホールディングス,1274.0
5571,エキサイトホールディングス,1276.0
5867,エスネットワークス,1276.0
4443,Ｓａｎｓａｎ,1277.0
2488,ＪＴＰ,1277.0
7450,サンデー,1278.0
6413,理想科学工業,1280.0
6942,ソフィアホールディングス,1280.0
2935,ピックルスホールディングス,1281.0
7426,山大,1281.0
4923,コタ,1282.0
9543,静岡ガス,1283.0
7513,コジマ,1286.0
8699,ＨＳホールディングス,1287.0
6118,アイダエンジニアリング,1287.0
3179,シュッピン,1288.0
8144,デンキョーグループホールディングス,1288.0
9753,アイエックス・ナレッジ,1288.0
2932,ＳＴＩフードホールディングス,1289.0
3434,アルファＣｏ,1289.0
7030,スプリックス,1289.0
6901,澤藤電機,1290.0
9856,ケーユーホールディングス,1291.0
8255,アクシアル　リテイリング,1293.0
7975,リヒトラブ,1293.0
4977,新田ゼラチン,1293.0
6543,日宣,1294.0
4320,ＣＥホールディングス,1294.0
9009,京成電鉄,1294.0
6797,名古屋電機工業,1294.0
7746,岡本硝子,1294.0
6445,ジャノメ,1295.0
6864,エヌエフホールディングス,1295.0
3178,チムニー,1296.0
5659,日本精線,1297.0
4926,シーボン,1299.0
7366,ＬＩＴＡＬＩＣＯ,1299.0
6907,ジオマテック,1299.0
9334,アイビスホールディングス,1300.0
8995,誠建設工業,1300.0
4380,Ｍマート,1300.0
3683,サイバーリンクス,1300.0
7841,遠藤製作所,1301.0
3484,イノベーションホールディングス,1302.0
3276,ＪＰＭＣ,1302.0
3333,あさひ,1302.0
7490,日新商事,1303.0
5923,高田機工,1304.0
3853,アステリア,1304.0
6557,ＡＩＡＩグループ,1305.0
7537,丸文,1305.0
2668,タビオ,1306.0
9193,東京汽船,1307.0
6632,ＪＶＣケンウッド,1311.0
7033,マネジメントソリューションズ,1313.0
7840,フランスベッドホールディングス,1313.0
3386,コスモ・バイオ,1314.0
5905,日本製罐,1315.0
7857,セキ,1316.0
5287,イトーヨーギョー,1318.0
7167,めぶきフィナンシャルグループ,1318.5
7901,マツモト,1321.0
8142,トーホー,1322.0
4299,ハイマックス,1325.0
6378,木村化工機,1325.0
3426,アトムリビンテック,1325.0
4691,ワシントンホテル,1326.0
7683,ダブルエー,1327.0
9603,エイチ・アイ・エス,1327.0
6497,ハマイ,1327.0
3583,オーベクス,1329.0
3417,大木ヘルスケアホールディングス,1330.0
7781,平山ホールディングス,1331.0
4238,ミライアル,1331.0
2252,グローバルＸ　Ｍｏｒｎｉｎｇｓｔａｒ　米国中小型　Ｍｏａｔ　ＥＴＦ,1334.0
9416,ビジョン,1338.0
5388,クニミネ工業,1341.0
5603,虹技,1341.0
9082,大和自動車交通,1341.0
2750,石光商事,1343.0
3948,光ビジネスフォーム,1343.0
3501,ＳＵＭＩＮＯＥ,1345.0
9301,三菱倉庫,1346.0
9310,日本トランスシティ,1347.0
7119,ハルメクホールディングス,1347.0
5290,ベルテクスコーポレーション,1348.0
4069,ＢｌｕｅＭｅｍｅ,1348.0
6291,日本エアーテック,1349.0
7343,ブロードマインド,1350.0
4196,ネオマーケティング,1350.0
4577,ダイト,1353.0
9308,乾汽船,1355.0
7261,マツダ,1357.5
3277,サンセイランディック,1359.0
7175,今村証券,1359.0
7180,九州フィナンシャルグループ,1359.5
9214,Ｒｅｃｏｖｅｒｙ　Ｉｎｔｅｒｎａｔｉｏｎａｌ,1360.0
6382,トリニティ工業,1363.0
8005,スクロール,1364.0
7081,コーユーレンティア,1364.0
3950,ザ・パック,1365.0
4256,サインド,1367.0
2864,グローバルＸ　ロジスティクス・ＲＥＩＴ　ＥＴＦ,1368.0
9304,澁澤倉庫,1368.0
4957,ヤスハラケミカル,1369.0
4956,コニシ,1370.0
2678,アスクル,1370.0
6286,靜甲,1370.0
8043,スターゼン,1371.0
2874,横浜冷凍,1372.0
7087,ウイルテック,1372.0
8624,いちよし証券,1374.0
4047,関東電化工業,1374.0
8025,ツカモトコーポレーション,1374.0
4100,戸田工業,1375.0
7361,ヒューマンクリエイションホールディングス,1375.0
8147,トミタ,1375.0
7915,ＮＩＳＳＨＡ,1381.0
2858,グローバルＸ　日経２２５　カバード・コール　ＥＴＦ（プレミアム再投資型）,1381.0
9708,帝国ホテル,1383.0
4396,システムサポートホールディングス,1383.0
2934,ジェイフロンティア,1384.0
6033,エクストリーム,1388.0
4933,Ｉ－ｎｅ,1390.0
3766,システムズ・デザイン,1390.0
3284,フージャースホールディングス,1390.0
2907,あじかん,1390.0
7794,イーディーピー,1391.0
3151,バイタルケーエスケー・ホールディングス,1393.0
1929,日特建設,1393.0
4839,ＷＯＷＯＷ,1393.0
3913,ＧｒｅｅｎＢｅｅ,1394.0
6345,アイチ　コーポレーション,1399.0
4251,恵和,1399.0
7056,マルク,1400.0
6062,チャーム・ケア・コーポレーション,1400.0
4937,Ｗａｑｏｏ,1402.0
4927,ポーラ・オルビスホールディングス,1402.0
9272,ブティックス,1402.0
9791,ビケンテクノ,1402.0
6571,キュービーネットホールディングス,1403.0
7570,橋本総業ホールディングス,1403.0
3435,サンコーテクノ,1405.0
5391,エーアンドエーマテリアル,1406.0
6405,鈴茂器工,1406.0
9335,テクノクリエイティブ,1406.0
2753,あみやき亭,1407.0
7613,シークス,1408.0
7575,日本ライフライン,1410.0
4828,ビジネスエンジニアリング,1410.0
7506,ハウス　オブ　ローゼ,1411.0
7320,Ｓｏｌｖｖｙ,1412.0
5702,大紀アルミニウム工業所,1414.0
7917,ＺＡＣＲＯＳ,1415.0
9823,マミーマートホールディングス,1415.0
6078,バリューＨＲ,1416.0
3180,ビューティガレージ,1416.0
7264,ムロコーポレーション,1416.0
3943,大石産業,1417.0
7280,ミツバ,1418.0
2910,ロック・フィールド,1418.0
8179,ロイヤルホールディングス,1418.0
8167,リテールパートナーズ,1419.0
2816,ダイショー,1419.0
4611,大日本塗料,1421.0
3135,マーケットエンタープライズ,1422.0
7187,ジェイリース,1423.0
5976,高周波熱錬,1425.0
2017,ｉＦｒｅｅＥＴＦ　ＪＰＸプライム１５０,1426.0
3969,エイトレッド,1426.0
7482,シモジマ,1427.0
9716,乃村工藝社,1427.0
3183,ウイン・パートナーズ,1427.0
6224,ＪＲＣ,1428.0
7358,ポピンズ,1428.0
1333,マルハニチロ,1428.5
4171,グローバルインフォメーション,1429.0
6183,ベルシステム２４ホールディングス,1430.0
6463,ＴＰＲ,1431.0
3320,クロスプラス,1431.0
7762,シチズン時計,1431.0
4247,ポバール興業,1432.0
4751,サイバーエージェント,1434.0
3475,グッドコムアセット,1435.0
5617,ウィル・ドゥ,1437.0
4372,ユミルリンク,1437.0
2236,グローバルＸ　Ｓ＆Ｐ５００配当貴族ＥＴＦ,1437.0
9889,ＪＢＣＣホールディングス,1440.0
5451,ヨドコウ,1441.0
5871,ＳＯＬＩＺＥ　Ｈｏｌｄｉｎｇｓ,1442.0
3663,セルシス,1442.0
8604,野村ホールディングス,1442.5
4262,ニフティライフスタイル,1446.0
3918,ＰＣＩホールディングス,1447.0
5019,出光興産,1449.0
4398,ブロードバンドセキュリティ,1449.0
8115,ムーンバット,1449.0
1905,テノックス,1450.0
2627,グローバルＸ　ｅコマース－日本株式　ＥＴＦ,1450.0
1716,第一カッター興業,1450.0
3763,プロシップ,1454.0
3182,オイシックス・ラ・大地,1455.0
2801,キッコーマン,1457.0
5020,ＥＮＥＯＳホールディングス,1460.5
9051,センコン物流,1463.0
4102,丸尾カルシウム,1464.0
7957,フジコピアン,1464.0
1827,ナカノフドー建設,1466.0
4849,エン,1467.0
9932,杉本商事,1469.0
7414,小野建,1470.0
7046,ＴＤＳＥ,1473.0
5660,神鋼鋼線工業,1473.0
2841,ｉＦｒｅｅＥＴＦ　ＮＡＳＤＡＱ１００（為替ヘッジあり）,1474.0
8708,アイザワ証券グループ,1474.0
4658,日本空調サービス,1475.0
8593,三菱ＨＣキャピタル,1475.0
7531,清和中央ホールディングス,1476.0
6058,ベクトル,1476.0
7599,ＩＤＯＭ,1477.0
3542,ベガコーポレーション,1479.0
9896,ＪＫホールディングス,1480.0
9087,タカセ,1480.0
5949,ユニプレス,1480.0
3941,レンゴー,1480.0
3565,アセンテック,1481.0
6395,タダノ,1484.0
8750,第一生命ホールディングス,1484.0
3199,綿半ホールディングス,1485.0
8929,青山財産ネットワークス,1486.0
1972,三晃金属工業,1486.0
3561,力の源ホールディングス,1486.0
9467,アルファポリス,1488.0
9143,ＳＧホールディングス,1489.5
9221,フルハシＥＰＯ,1490.0
1450,ＴＡＮＡＫＥＮ,1490.0
3901,マークラインズ,1490.0
7638,ＮＥＷ　ＡＲＴ　ＨＯＬＤＩＮＧＳ,1490.0
6850,チノー,1492.0
5989,エイチワン,1496.0
4415,ブロードエンタープライズ,1497.0
3844,コムチュア,1498.0
6390,加藤製作所,1498.0
1332,ニッスイ,1498.5
7809,壽屋,1499.0
9165,クオルテック,1499.0
4440,ヴィッツ,1499.0
2995,ジェイレックス・コーポレーション,1500.0
8123,川辺,1500.0
5816,オーナンバ,1500.0
3483,翔栄,1500.0
5528,フロンティアハウス,1500.0
4968,荒川化学工業,1501.0
7725,インターアクション,1501.0
7126,グローバルスタイル,1502.0
4762,エックスネット,1502.0
9633,東京テアトル,1502.0
8051,山善,1503.0
4763,クリーク・アンド・リバー社,1505.0
7508,Ｇ‐７ホールディングス,1506.0
8086,ニプロ,1507.0
2792,ハニーズホールディングス,1509.0
6239,ナガオカ,1510.0
9628,燦ホールディングス,1511.0
2217,モロゾフ,1511.0
5279,日本興業,1511.0
3045,カワサキ,1512.0
7095,Ｍａｃｂｅｅ　Ｐｌａｎｅｔ,1514.0
8425,みずほリース,1514.0
3687,フィックスターズ,1514.0
3105,日清紡ホールディングス,1516.0
3166,ＯＣＨＩホールディングス,1517.0
6919,ケル,1518.0
7792,コラントッテ,1518.0
2152,幼児活動研究会,1518.0
7991,マミヤ・オーピー,1521.0
6862,ミナトホールディングス,1522.0
6772,東京コスモス電機,1523.0
8596,九州リースサービス,1524.0
3101,東洋紡,1527.0
1376,カネコ種苗,1529.0
7050,フロンティアインターナショナル,1529.0
5699,イボキン,1531.0
1414,ショーボンドホールディングス,1531.0
6869,シスメックス,1531.5
1456,ｉＦｒｅｅＥＴＦ　日経平均インバース・インデックス,1537.0
9073,京極運輸商事,1537.0
1518,三井松島ホールディングス,1541.0
7363,ベビーカレンダー,1542.0
6644,大崎電気工業,1542.0
7417,南陽,1543.0
7438,コンドーテック,1543.0
6997,日本ケミコン,1544.0
3931,バリューゴルフ,1545.0
7105,三菱ロジスネクスト,1546.0
4199,ワンダープラネット,1548.0
1690,ＷｉｓｄｏｍＴｒｅｅ　ＷＴＩ　原油上場投資信託,1549.0
2515,ＮＥＸＴ　ＦＵＮＤＳ　外国ＲＥＩＴ・Ｓ＆Ｐ先進国ＲＥＩＴ指数（除く日本・為替ヘッジなし）連動型上場投信,1549.0
5071,ヴィス,1549.0
6592,マブチモーター,1551.0
3836,アバントグループ,1556.0
1860,戸田建設,1557.0
2462,ライク,1560.0
6272,レオン自動機,1560.0
4095,日本パーカライジング,1560.0
6566,要興業,1560.0
4951,エステー,1562.0
3289,東急不動産ホールディングス,1562.5
7985,ネポン,1564.0
4587,ペプチドリーム,1564.5
9845,パーカーコーポレーション,1567.0
7614,オーエムツーネットワーク,1567.0
4914,高砂香料工業,1569.0
6322,タクミナ,1570.0
9743,丹青社,1573.0
7752,リコー,1573.5
4976,東洋ドライルーブ,1574.0
3157,ジオリーブグループ,1574.0
4642,オリジナル設計,1574.0
5288,アジアパイルホールディングス,1576.0
1780,ヤマウラ,1577.0
7595,アルゴグラフィックス,1580.0
1841,サンユー建設,1581.0
1401,エムビーエス,1582.0
4264,セキュア,1582.0
6338,タカトリ,1583.0
9428,クロップス,1583.0
6203,豊和工業,1584.0
3691,デジタルプラス,1584.0
7608,エスケイジャパン,1585.0
5036,日本ビジネスシステムズ,1586.0
2136,ヒップ,1587.0
8368,百五銀行,1589.0
3446,ジェイテックコーポレーション,1590.0
3537,昭栄薬品,1590.0
4627,ナトコ,1593.0
9709,ＮＣＳ＆Ａ,1594.0
5253,カバー,1594.0
2975,スター・マイカ・ホールディングス,1595.0
1720,東急建設,1596.0
6565,ＡＢホテル,1597.0
3452,ビーロット,1597.0
9249,日本エコシステム,1599.0
5883,ＧＴホールディングス,1600.0
4202,ダイセル,1600.0
2985,ファーストステージ,1600.0
3491,ＧＡ　ｔｅｃｈｎｏｌｏｇｉｅｓ,1600.0
2216,カンロ,1601.0
6549,ディーエムソリューションズ,1601.0
2867,グローバルＸ　自動運転＆ＥＶ　ＥＴＦ,1603.0
4476,ＡＩ　ＣＲＯＳＳ,1603.0
5380,新東,1604.0
7421,カッパ・クリエイト,1606.0
7357,ジオコード,1606.0
5891,魁力屋,1606.0
9006,京浜急行電鉄,1608.5
4570,免疫生物研究所,1609.0
4463,日華化学,1609.0
4760,アルファ,1609.0
9248,人・夢・技術グループ,1610.0
1981,協和日成,1610.0
6073,アサンテ,1613.0
3925,ダブルスタンダード,1616.0
6458,新晃工業,1618.0
2475,ＷＤＢホールディングス,1619.0
2908,フジッコ,1619.0
3524,日東製網,1619.0
1482,ｉシェアーズ・コア　米国債７－１０年　ＥＴＦ（為替ヘッジあり）,1620.0
3420,ケー・エフ・シー,1622.0
7965,象印マホービン,1622.0
6952,カシオ計算機,1623.5
2531,宝ホールディングス,1625.0
6366,千代田化工建設,1625.0
9365,トレーディア,1625.0
3317,フライングガーデン,1626.0
5423,東京製鐵,1627.0
2585,ライフドリンク　カンパニー,1627.0
3804,システム　ディ,1631.0
3843,フリービット,1631.0
9119,飯野海運,1631.0
1768,ソネック,1634.0
6999,ＫＯＡ,1634.0
3678,メディアドゥ,1636.0
7730,マニー,1636.0
4754,トスネット,1638.0
2726,パルグループホールディングス,1639.0
5463,丸一鋼管,1639.0
4414,フレクト,1640.0
3708,特種東海製紙,1641.0
4326,インテージホールディングス,1642.0
9767,日建工学,1644.0
3635,コーエーテクモホールディングス,1644.5
4674,クレスコ,1645.0
9278,ブックオフグループホールディングス,1646.0
7523,アールビバン,1646.0
1407,ウエストホールディングス,1647.0
3065,ライフフーズ,1647.0
7827,オービス,1648.0
2038,ＮＥＸＴ　ＮＯＴＥＳ　ドバイ原油先物　ダブル・ブル　ＥＴＮ,1649.0
9622,スペース,1650.0
3421,稲葉製作所,1650.0
6616,トレックス・セミコンダクター,1650.0
4889,レナサイエンス,1650.0
4027,テイカ,1651.0
9241,フューチャーリンクネットワーク,1651.0
5262,日本ヒューム,1653.0
8923,トーセイ,1654.0
6741,日本信号,1654.0
3075,銚子丸,1655.0
6050,イー・ガーディアン,1655.0
9991,ジェコス,1656.0
8282,ケーズホールディングス,1657.5
9507,四国電力,1657.5
6199,セラク,1658.0
9882,イエローハット,1659.0
5142,アキレス,1659.0
6384,昭和真空,1659.0
7956,ピジョン,1659.0
4012,アクシス,1660.0
9034,南総通運,1662.0
9346,ココルポート,1662.0
1776,三井住建道路,1663.0
4569,杏林製薬,1665.0
7186,横浜フィナンシャルグループ,1666.0
1960,サンテック,1667.0
8349,東北銀行,1667.0
1793,大本組,1669.0
8601,大和証券グループ本社,1669.0
3401,帝人,1669.5
7267,本田技研工業,1669.5
6247,日阪製作所,1672.0
4752,昭和システムエンジニアリング,1672.0
4361,川口化学工業,1674.0
3902,メディカル・データ・ビジョン,1680.0
4177,ｉ‐ｐｌｕｇ,1680.0
7464,セフテック,1682.0
9832,オートバックスセブン,1682.0
8045,横浜丸魚,1682.0
2502,アサヒグループホールディングス,1683.5
9211,エフ・コード,1684.0
5597,ブルーイノベーション,1684.0
5602,栗本鐵工所,1684.0
3352,バッファロー,1685.0
1930,北陸電気工事,1688.0
3600,フジックス,1688.0
3050,ＤＣＭホールディングス,1691.0
6750,エレコム,1693.0
7793,イメージ・マジック,1694.0
1810,松井建設,1695.0
7635,杉田エース,1696.0
7914,共同印刷,1696.0
1898,世紀東急工業,1696.0
9023,東京地下鉄,1698.0
5858,ＳＴＧ,1698.0
4792,山田コンサルティンググループ,1699.0
5126,ポーターズ,1699.0
1866,北野建設,1699.0
2681,ゲオホールディングス,1699.0
7088,フォーラムエンジニアリング,1699.0
5887,光響,1700.0
5573,働楽ホールディングス,1700.0
4912,ライオン,1700.0
6459,大和冷機工業,1705.0
4743,アイティフォー,1705.0
6485,前澤給装工業,1707.0
7780,メニコン,1707.0
7094,ＮｅｘＴｏｎｅ,1710.0
5580,プロディライト,1711.0
7458,第一興商,1712.5
5707,東邦亜鉛,1714.0
4026,神島化学工業,1715.0
5987,オーネックス,1715.0
3093,トレジャー・ファクトリー,1715.0
7713,シグマ光機,1717.0
9554,ＡＶｉＣ,1718.0
6544,ジャパンエレベーターサービスホールディングス,1720.0
7374,コンフィデンス・インターワークス,1722.0
4076,シイエヌエス,1723.0
9007,小田急電鉄,1724.0
2480,システム・ロケーション,1726.0
1496,ｉシェアーズ　米ドル建て投資適格社債　ＥＴＦ（為替ヘッジあり）,1727.0
4536,参天製薬,1727.5
4848,フルキャストホールディングス,1730.0
3558,ジェイドグループ,1732.0
9726,ＫＮＴ－ＣＴホールディングス,1732.0
2501,サッポロホールディングス,1732.0
3407,旭化成,1735.5
4925,ハーバー研究所,1736.0
3096,オーシャンシステム,1737.0
7856,萩原工業,1737.0
7368,表示灯,1739.0
5136,ｔｒｉｐｌａ,1741.0
4539,日本ケミファ,1741.0
3921,ネオジャパン,1743.0
4623,アサヒペン,1745.0
7480,スズデン,1747.0
6044,三機サービス,1749.0
4629,大伸化学,1749.0
8006,ユアサ・フナショク,1751.0
3837,アドソル日進,1752.0
2937,サンクゼール,1752.0
4220,リケンテクノス,1752.0
3984,ユーザーローカル,1753.0
7673,ダイコー通産,1755.0
7839,ＳＨＯＥＩ,1755.0
2413,エムスリー,1755.0
2148,アイティメディア,1757.0
4732,ユー・エス・エス,1758.0
5981,東京製綱,1759.0
9216,ビーウィズ,1760.0
9159,Ｗ　ＴＯＫＹＯ,1760.0
2639,グローバルＸ　バイオ＆メドテック－日本株式　ＥＴＦ,1760.0
4635,東京インキ,1762.0
9247,ＴＲＥホールディングス,1763.0
3436,ＳＵＭＣＯ,1764.5
8381,山陰合同銀行,1765.0
3355,クリヤマホールディングス,1765.0
6965,浜松ホトニクス,1766.0
2622,ｉシェアーズ　米ドル建て新興国債券　ＥＴＦ（為替ヘッジあり）,1766.0
9319,中央倉庫,1767.0
7378,アシロ,1769.0
6849,日本光電工業,1770.0
9686,東洋テック,1770.0
2395,新日本科学,1770.0
6349,小森コーポレーション,1771.0
2818,ピエトロ,1772.0
5621,ヒューマンテクノロジーズ,1773.0
3048,ビックカメラ,1774.5
3405,クラレ,1776.0
7235,東京ラヂエーター製造,1776.0
3539,ＪＭホールディングス,1777.0
9264,ポエック,1778.0
6055,ジャパンマテリアル,1778.0
6381,アネスト岩田,1778.0
6402,兼松エンジニアリング,1779.0
1911,住友林業,1780.0
8931,和田興産,1781.0
2332,クエスト,1782.0
8700,丸八証券,1782.0
4242,タカギセイコー,1783.0
6030,アドベンチャー,1784.0
8706,極東証券,1785.0
1438,岐阜造園,1785.0
2175,エス・エム・エス,1785.0
9651,日本プロセス,1786.0
5596,アウトルックコンサルティング,1787.0
3723,日本ファルコム,1787.0
7643,ダイイチ,1788.0
7501,ティムコ,1790.0
3892,岡山製紙,1792.0
4992,北興化学工業,1794.0
1497,ｉシェアーズ　米ドル建てハイイールド社債　ＥＴＦ（為替ヘッジあり）,1795.0
7979,松風,1795.0
8570,イオンフィナンシャルサービス,1795.5
5962,浅香工業,1799.0
8214,ＡＯＫＩホールディングス,1800.0
9048,名古屋鉄道,1801.0
7199,プレミアグループ,1801.0
6540,船場,1803.0
5988,パイオラックス,1804.0
8935,ＦＪネクストホールディングス,1805.0
9508,九州電力,1808.0
7447,ナガイレーベン,1808.0
4068,ベイシス,1809.0
4595,ミズホメディー,1810.0
8771,イー・ギャランティ,1812.0
7502,プラザホールディングス,1816.0
2767,円谷フィールズホールディングス,1817.0
8697,日本取引所グループ,1819.5
9171,栗林商船,1821.0
9270,バリュエンスホールディングス,1822.0
3176,三洋貿易,1822.0
9702,アイ・エス・ビー,1822.0
7986,日本アイ・エス・ケイ,1823.0
7487,小津産業,1824.0
9928,ミロク情報サービス,1824.0
3696,セレス,1826.0
2169,ＣＤＳ,1828.0
4662,フォーカスシステムズ,1830.0
1382,ホーブ,1830.0
6809,ＴＯＡ,1832.0
4681,リゾートトラスト,1836.0
8876,リログループ,1839.0
5022,レボインターナショナル,1840.0
1966,高田工業所,1840.0
8244,近鉄百貨店,1841.0
2371,カカクコム,1842.0
6045,レントラックス,1845.0
8542,トマト銀行,1848.0
4493,サイバーセキュリティクラウド,1848.0
2153,Ｅ・Ｊホールディングス,1848.0
1770,藤田エンジニアリング,1850.0
4413,ボードルア,1851.0
7616,コロワイド,1851.0
7477,ムラキ,1851.0
8008,ヨンドシーホールディングス,1851.0
9005,東急,1856.0
7963,興研,1857.0
2016,ｉＦｒｅｅＥＴＦ　米国国債７－１０年（為替ヘッジあり）,1857.0
2301,学情,1858.0
4272,日本化薬,1866.0
2185,シイエム・シイ,1868.0
4722,フューチャー,1869.0
4175,ｃｏｌｙ,1870.0
7916,光村印刷,1871.0
1882,東亜道路工業,1873.0
5819,カナレ電気,1874.0
4055,ティアンドエスグループ,1875.0
6223,西部技研,1876.0
3562,Ｎｏ．１,1878.0
4045,東亞合成,1878.0
4356,応用技術,1879.0
9818,大丸エナウィン,1881.0
6151,日東工器,1884.0
1976,明星工業,1885.0
6638,ミマキエンジニアリング,1886.0
9418,Ｕ－ＮＥＸＴ　ＨＯＬＤＩＮＧＳ,1886.0
5938,ＬＩＸＩＬ,1887.5
4430,東海ソフト,1888.0
2080,ＰＢＲ１倍割れ解消推進ＥＴＦ,1888.0
9037,ハマキョウレックス,1888.0
9612,ラックランド,1888.0
6248,横田製作所,1889.0
2514,ＮＥＸＴ　ＦＵＮＤＳ　外国株式・ＭＳＣＩ－ＫＯＫＵＳＡＩ指数（為替ヘッジあり）連動型上場投信,1894.0
6245,ヒラノテクシード,1895.0
1945,東京エネシス,1902.0
6317,北川鉄工所,1905.0
5357,ヨータイ,1905.0
5285,ヤマックス,1908.0
8541,愛媛銀行,1913.0
2483,翻訳センター,1918.0
6156,エーワン精密,1919.0
2922,なとり,1924.0
2804,ブルドックソース,1925.0
6998,日本タングステン,1926.0
9351,東洋埠頭,1927.0
6310,井関農機,1927.0
6229,オーケーエム,1927.0
3905,データセクション,1929.0
7877,永大化工,1932.0
5632,三菱製鋼,1933.0
9064,ヤマトホールディングス,1934.0
3034,クオールホールディングス,1934.0
3375,ＺＯＡ,1935.0
9242,メディア総研,1935.0
8151,東陽テクニカ,1935.0
6597,ＨＰＣシステムズ,1935.0
7505,扶桑電通,1936.0
3771,システムリサーチ,1937.0
7337,ひろぎんホールディングス,1937.0
1457,ｉＦｒｅｅＥＴＦ　ＴＯＰＩＸインバース（－１倍）指数,1941.0
1807,佐藤渡辺,1941.0
9837,モリト,1942.0
7376,ＢＣＣ,1942.0
7434,オータケ,1944.0
2154,オープンアップグループ,1944.0
6668,アドテック　プラズマ　テクノロジー,1945.0
7731,ニコン,1945.0
6870,日本フェンオール,1948.0
7039,ブリッジインターナショナルグループ,1949.0
5018,ＭＯＲＥＳＣＯ,1949.0
8133,伊藤忠エネクス,1950.0
5533,エリッツホールディングス,1951.0
2053,中部飼料,1952.0
2415,ヒューマンホールディングス,1953.0
4218,ニチバン,1953.0
7420,佐鳥電機,1954.0
9629,ピー・シー・エー,1954.0
5727,東邦チタニウム,1955.0
6577,ベストワンドットコム,1957.0
9776,札幌臨床検査センター,1960.0
4616,川上塗料,1960.0
3431,宮地エンジニアリンググループ,1962.0
4425,Ｋｕｄａｎ,1966.0
8383,鳥取銀行,1967.0
3196,ホットランドホールディングス,1968.0
4592,サンバイオ,1970.0
7733,オリンパス,1975.0
3800,ユニリタ,1978.0
8088,岩谷産業,1979.0
1861,熊谷組,1981.0
3003,ヒューリック,1981.5
6996,ニチコン,1982.0
4709,ＩＤホールディングス,1986.0
5612,日本鋳鉄管,1987.0
6376,日機装,1988.0
5990,スーパーツール,1990.0
7313,テイ・エス　テック,1990.5
3201,日本毛織,1991.0
3547,串カツ田中ホールディングス,1993.0
7821,前田工繊,1993.0
2903,シノブフーズ,1994.0
2521,上場インデックスファンド米国株式（Ｓ＆Ｐ５００）為替ヘッジあり,1994.0
2883,大冷,1994.0
5994,ファインシンター,1996.0
3934,ベネフィットジャパン,1996.0
2305,スタジオアリス,1997.0
9069,センコーグループホールディングス,1998.0
2081,政策保有解消推進ＥＴＦ,1998.0
1311,ＮＥＸＴ　ＦＵＮＤＳ　ＴＯＰＩＸ　Ｃｏｒｅ　３０連動型上場投信,1999.0
